SHP;DATE;DAY_CASES;TOTAL_CASES;lab;updated;WEEK;LABEL;GROUP;Y
Kaikki Alueet;2020-01-28;1;1;Varmistettuja koronatapauksia;2021-02-03;NA;NA;NA;NA
Kaikki Alueet;2020-01-29;0;1;Varmistettuja koronatapauksia;2021-02-03;NA;NA;NA;NA
Kaikki Alueet;2020-01-30;0;1;Varmistettuja koronatapauksia;2021-02-03;NA;NA;NA;NA
Kaikki Alueet;2020-01-31;0;1;Varmistettuja koronatapauksia;2021-02-03;NA;NA;NA;NA
Kaikki Alueet;2020-02-01;0;1;Varmistettuja koronatapauksia;2021-02-03;NA;NA;NA;NA
Kaikki Alueet;2020-02-02;0;1;Varmistettuja koronatapauksia;2021-02-03;NA;NA;NA;NA
Kaikki Alueet;2020-02-03;0;1;Varmistettuja koronatapauksia;2021-02-03;NA;NA;NA;NA
Kaikki Alueet;2020-02-04;0;1;Varmistettuja koronatapauksia;2021-02-03;NA;NA;NA;NA
Kaikki Alueet;2020-02-05;0;1;Varmistettuja koronatapauksia;2021-02-03;NA;NA;NA;NA
Kaikki Alueet;2020-02-06;0;1;Varmistettuja koronatapauksia;2021-02-03;NA;NA;NA;NA
Kaikki Alueet;2020-02-07;0;1;Varmistettuja koronatapauksia;2021-02-03;NA;NA;NA;NA
Kaikki Alueet;2020-02-08;0;1;Varmistettuja koronatapauksia;2021-02-03;NA;NA;NA;NA
Kaikki Alueet;2020-02-09;0;1;Varmistettuja koronatapauksia;2021-02-03;NA;NA;NA;NA
Kaikki Alueet;2020-02-10;1;2;Varmistettuja koronatapauksia;2021-02-03;NA;NA;NA;NA
Kaikki Alueet;2020-02-11;0;2;Varmistettuja koronatapauksia;2021-02-03;NA;NA;NA;NA
Kaikki Alueet;2020-02-12;0;2;Varmistettuja koronatapauksia;2021-02-03;NA;NA;NA;NA
Kaikki Alueet;2020-02-13;0;2;Varmistettuja koronatapauksia;2021-02-03;NA;NA;NA;NA
Kaikki Alueet;2020-02-14;0;2;Varmistettuja koronatapauksia;2021-02-03;NA;NA;NA;NA
Kaikki Alueet;2020-02-15;0;2;Varmistettuja koronatapauksia;2021-02-03;NA;NA;NA;NA
Kaikki Alueet;2020-02-16;0;2;Varmistettuja koronatapauksia;2021-02-03;NA;NA;NA;NA
Kaikki Alueet;2020-02-17;0;2;Varmistettuja koronatapauksia;2021-02-03;NA;NA;NA;NA
Kaikki Alueet;2020-02-18;0;2;Varmistettuja koronatapauksia;2021-02-03;NA;NA;NA;NA
Kaikki Alueet;2020-02-19;0;2;Varmistettuja koronatapauksia;2021-02-03;NA;NA;NA;NA
Kaikki Alueet;2020-02-20;0;2;Varmistettuja koronatapauksia;2021-02-03;NA;NA;NA;NA
Kaikki Alueet;2020-02-21;0;2;Varmistettuja koronatapauksia;2021-02-03;NA;NA;NA;NA
Kaikki Alueet;2020-02-22;1;3;Varmistettuja koronatapauksia;2021-02-03;NA;NA;NA;NA
Kaikki Alueet;2020-02-23;0;3;Varmistettuja koronatapauksia;2021-02-03;NA;NA;NA;NA
Kaikki Alueet;2020-02-24;0;3;Varmistettuja koronatapauksia;2021-02-03;NA;NA;NA;NA
Kaikki Alueet;2020-02-25;1;4;Varmistettuja koronatapauksia;2021-02-03;NA;NA;NA;NA
Kaikki Alueet;2020-02-26;0;4;Varmistettuja koronatapauksia;2021-02-03;NA;NA;NA;NA
Kaikki Alueet;2020-02-27;1;5;Varmistettuja koronatapauksia;2021-02-03;NA;NA;NA;NA
Kaikki Alueet;2020-02-28;3;8;Varmistettuja koronatapauksia;2021-02-03;NA;NA;NA;NA
Kaikki Alueet;2020-02-29;1;9;Varmistettuja koronatapauksia;2021-02-03;NA;NA;NA;NA
Kaikki Alueet;2020-03-01;1;10;Varmistettuja koronatapauksia;2021-02-03;NA;NA;NA;NA
Kaikki Alueet;2020-03-02;0;10;Varmistettuja koronatapauksia;2021-02-03;NA;NA;NA;NA
Kaikki Alueet;2020-03-03;4;14;Varmistettuja koronatapauksia;2021-02-03;NA;NA;NA;NA
Kaikki Alueet;2020-03-04;6;20;Varmistettuja koronatapauksia;2021-02-03;NA;NA;NA;NA
Kaikki Alueet;2020-03-05;1;21;Varmistettuja koronatapauksia;2021-02-03;NA;NA;NA;NA
Kaikki Alueet;2020-03-06;7;28;Varmistettuja koronatapauksia;2021-02-03;NA;NA;NA;NA
Kaikki Alueet;2020-03-07;7;35;Varmistettuja koronatapauksia;2021-02-03;NA;NA;NA;NA
Kaikki Alueet;2020-03-08;9;44;Varmistettuja koronatapauksia;2021-02-03;NA;NA;NA;NA
Kaikki Alueet;2020-03-09;17;61;Varmistettuja koronatapauksia;2021-02-03;NA;NA;NA;NA
Kaikki Alueet;2020-03-10;54;115;Varmistettuja koronatapauksia;2021-02-03;NA;NA;NA;NA
Kaikki Alueet;2020-03-11;76;191;Varmistettuja koronatapauksia;2021-02-03;NA;NA;NA;NA
Kaikki Alueet;2020-03-12;60;251;Varmistettuja koronatapauksia;2021-02-03;NA;NA;NA;NA
Kaikki Alueet;2020-03-13;28;279;Varmistettuja koronatapauksia;2021-02-03;NA;NA;NA;NA
Kaikki Alueet;2020-03-14;29;308;Varmistettuja koronatapauksia;2021-02-03;NA;NA;NA;NA
Kaikki Alueet;2020-03-15;53;361;Varmistettuja koronatapauksia;2021-02-03;NA;NA;NA;NA
Kaikki Alueet;2020-03-16;52;413;Varmistettuja koronatapauksia;2021-02-03;12;Valmiuslaki voimaan;1;12
Kaikki Alueet;2020-03-17;47;460;Varmistettuja koronatapauksia;2021-02-03;NA;NA;NA;NA
Kaikki Alueet;2020-03-18;90;550;Varmistettuja koronatapauksia;2021-02-03;NA;NA;NA;NA
Kaikki Alueet;2020-03-19;100;650;Varmistettuja koronatapauksia;2021-02-03;12;Maahantulorajoitukset Suomen ulkorajoille;2;12
Kaikki Alueet;2020-03-20;87;737;Varmistettuja koronatapauksia;2021-02-03;NA;NA;NA;NA
Kaikki Alueet;2020-03-21;87;824;Varmistettuja koronatapauksia;2021-02-03;NA;NA;NA;NA
Kaikki Alueet;2020-03-22;78;902;Varmistettuja koronatapauksia;2021-02-03;NA;NA;NA;NA
Kaikki Alueet;2020-03-23;84;986;Varmistettuja koronatapauksia;2021-02-03;NA;NA;NA;NA
Kaikki Alueet;2020-03-24;99;1085;Varmistettuja koronatapauksia;2021-02-03;NA;NA;NA;NA
Kaikki Alueet;2020-03-25;104;1189;Varmistettuja koronatapauksia;2021-02-03;NA;NA;NA;NA
Kaikki Alueet;2020-03-26;114;1303;Varmistettuja koronatapauksia;2021-02-03;NA;NA;NA;NA
Kaikki Alueet;2020-03-27;95;1398;Varmistettuja koronatapauksia;2021-02-03;NA;NA;NA;NA
Kaikki Alueet;2020-03-28;77;1475;Varmistettuja koronatapauksia;2021-02-03;13;Uudenmaan sulku alkaa;3;13
Kaikki Alueet;2020-03-29;70;1545;Varmistettuja koronatapauksia;2021-02-03;NA;NA;NA;NA
Kaikki Alueet;2020-03-30;129;1674;Varmistettuja koronatapauksia;2021-02-03;NA;NA;NA;NA
Kaikki Alueet;2020-03-31;125;1799;Varmistettuja koronatapauksia;2021-02-03;NA;NA;NA;NA
Kaikki Alueet;2020-04-01;149;1948;Varmistettuja koronatapauksia;2021-02-03;NA;NA;NA;NA
Kaikki Alueet;2020-04-02;161;2109;Varmistettuja koronatapauksia;2021-02-03;NA;NA;NA;NA
Kaikki Alueet;2020-04-03;199;2308;Varmistettuja koronatapauksia;2021-02-03;NA;NA;NA;NA
Kaikki Alueet;2020-04-04;81;2389;Varmistettuja koronatapauksia;2021-02-03;NA;NA;NA;NA
Kaikki Alueet;2020-04-05;122;2511;Varmistettuja koronatapauksia;2021-02-03;NA;NA;NA;NA
Kaikki Alueet;2020-04-06;209;2720;Varmistettuja koronatapauksia;2021-02-03;NA;NA;NA;NA
Kaikki Alueet;2020-04-07;200;2920;Varmistettuja koronatapauksia;2021-02-03;NA;NA;NA;NA
Kaikki Alueet;2020-04-08;138;3058;Varmistettuja koronatapauksia;2021-02-03;15;"Laki yrittäjien työttömyysturvaoikeuden 
väliaikaisesta järjestämisestä voimaan";4;15
Kaikki Alueet;2020-04-09;158;3216;Varmistettuja koronatapauksia;2021-02-03;NA;NA;NA;NA
Kaikki Alueet;2020-04-10;71;3287;Varmistettuja koronatapauksia;2021-02-03;NA;NA;NA;NA
Kaikki Alueet;2020-04-11;75;3362;Varmistettuja koronatapauksia;2021-02-03;NA;NA;NA;NA
Kaikki Alueet;2020-04-12;80;3442;Varmistettuja koronatapauksia;2021-02-03;NA;NA;NA;NA
Kaikki Alueet;2020-04-13;117;3559;Varmistettuja koronatapauksia;2021-02-03;NA;NA;NA;NA
Kaikki Alueet;2020-04-14;175;3734;Varmistettuja koronatapauksia;2021-02-03;NA;NA;NA;NA
Kaikki Alueet;2020-04-15;130;3864;Varmistettuja koronatapauksia;2021-02-03;16;Uudenmaan sulku päättyy;3;16
Kaikki Alueet;2020-04-16;120;3984;Varmistettuja koronatapauksia;2021-02-03;NA;NA;NA;NA
Kaikki Alueet;2020-04-17;125;4109;Varmistettuja koronatapauksia;2021-02-03;NA;NA;NA;NA
Kaikki Alueet;2020-04-18;56;4165;Varmistettuja koronatapauksia;2021-02-03;NA;NA;NA;NA
Kaikki Alueet;2020-04-19;67;4232;Varmistettuja koronatapauksia;2021-02-03;NA;NA;NA;NA
Kaikki Alueet;2020-04-20;143;4375;Varmistettuja koronatapauksia;2021-02-03;NA;NA;NA;NA
Kaikki Alueet;2020-04-21;112;4487;Varmistettuja koronatapauksia;2021-02-03;NA;NA;NA;NA
Kaikki Alueet;2020-04-22;124;4611;Varmistettuja koronatapauksia;2021-02-03;NA;NA;NA;NA
Kaikki Alueet;2020-04-23;116;4727;Varmistettuja koronatapauksia;2021-02-03;NA;NA;NA;NA
Kaikki Alueet;2020-04-24;92;4819;Varmistettuja koronatapauksia;2021-02-03;NA;NA;NA;NA
Kaikki Alueet;2020-04-25;76;4895;Varmistettuja koronatapauksia;2021-02-03;NA;NA;NA;NA
Kaikki Alueet;2020-04-26;73;4968;Varmistettuja koronatapauksia;2021-02-03;NA;NA;NA;NA
Kaikki Alueet;2020-04-27;123;5091;Varmistettuja koronatapauksia;2021-02-03;NA;NA;NA;NA
Kaikki Alueet;2020-04-28;139;5230;Varmistettuja koronatapauksia;2021-02-03;NA;NA;NA;NA
Kaikki Alueet;2020-04-29;108;5338;Varmistettuja koronatapauksia;2021-02-03;NA;NA;NA;NA
Kaikki Alueet;2020-04-30;86;5424;Varmistettuja koronatapauksia;2021-02-03;NA;NA;NA;NA
Kaikki Alueet;2020-05-01;48;5472;Varmistettuja koronatapauksia;2021-02-03;18;"Laki koronavirusepidemian vuoksi palkatta 
työstä poissa olevalle maksettavasta 
väliaikaisesta tuesta voimaan";5;18
Kaikki Alueet;2020-05-02;58;5530;Varmistettuja koronatapauksia;2021-02-03;NA;NA;NA;NA
Kaikki Alueet;2020-05-03;61;5591;Varmistettuja koronatapauksia;2021-02-03;NA;NA;NA;NA
Kaikki Alueet;2020-05-04;133;5724;Varmistettuja koronatapauksia;2021-02-03;NA;NA;NA;NA
Kaikki Alueet;2020-05-05;125;5849;Varmistettuja koronatapauksia;2021-02-03;NA;NA;NA;NA
Kaikki Alueet;2020-05-06;95;5944;Varmistettuja koronatapauksia;2021-02-03;NA;NA;NA;NA
Kaikki Alueet;2020-05-07;108;6052;Varmistettuja koronatapauksia;2021-02-03;NA;NA;NA;NA
Kaikki Alueet;2020-05-08;81;6133;Varmistettuja koronatapauksia;2021-02-03;NA;NA;NA;NA
Kaikki Alueet;2020-05-09;47;6180;Varmistettuja koronatapauksia;2021-02-03;NA;NA;NA;NA
Kaikki Alueet;2020-05-10;28;6208;Varmistettuja koronatapauksia;2021-02-03;NA;NA;NA;NA
Kaikki Alueet;2020-05-11;92;6300;Varmistettuja koronatapauksia;2021-02-03;NA;NA;NA;NA
Kaikki Alueet;2020-05-12;67;6367;Varmistettuja koronatapauksia;2021-02-03;NA;NA;NA;NA
Kaikki Alueet;2020-05-13;79;6446;Varmistettuja koronatapauksia;2021-02-03;NA;NA;NA;NA
Kaikki Alueet;2020-05-14;50;6496;Varmistettuja koronatapauksia;2021-02-03;20;Perusopetuksessa palattiin lähiopetukseen;6;20
Kaikki Alueet;2020-05-15;55;6551;Varmistettuja koronatapauksia;2021-02-03;NA;NA;NA;NA
Kaikki Alueet;2020-05-16;25;6576;Varmistettuja koronatapauksia;2021-02-03;NA;NA;NA;NA
Kaikki Alueet;2020-05-17;29;6605;Varmistettuja koronatapauksia;2021-02-03;NA;NA;NA;NA
Kaikki Alueet;2020-05-18;45;6650;Varmistettuja koronatapauksia;2021-02-03;NA;NA;NA;NA
Kaikki Alueet;2020-05-19;41;6691;Varmistettuja koronatapauksia;2021-02-03;NA;NA;NA;NA
Kaikki Alueet;2020-05-20;43;6734;Varmistettuja koronatapauksia;2021-02-03;NA;NA;NA;NA
Kaikki Alueet;2020-05-21;22;6756;Varmistettuja koronatapauksia;2021-02-03;NA;NA;NA;NA
Kaikki Alueet;2020-05-22;32;6788;Varmistettuja koronatapauksia;2021-02-03;NA;NA;NA;NA
Kaikki Alueet;2020-05-23;18;6806;Varmistettuja koronatapauksia;2021-02-03;NA;NA;NA;NA
Kaikki Alueet;2020-05-24;20;6826;Varmistettuja koronatapauksia;2021-02-03;NA;NA;NA;NA
Kaikki Alueet;2020-05-25;45;6871;Varmistettuja koronatapauksia;2021-02-03;NA;NA;NA;NA
Kaikki Alueet;2020-05-26;33;6904;Varmistettuja koronatapauksia;2021-02-03;NA;NA;NA;NA
Kaikki Alueet;2020-05-27;12;6916;Varmistettuja koronatapauksia;2021-02-03;NA;NA;NA;NA
Kaikki Alueet;2020-05-28;30;6946;Varmistettuja koronatapauksia;2021-02-03;NA;NA;NA;NA
Kaikki Alueet;2020-05-29;21;6967;Varmistettuja koronatapauksia;2021-02-03;NA;NA;NA;NA
Kaikki Alueet;2020-05-30;10;6977;Varmistettuja koronatapauksia;2021-02-03;NA;NA;NA;NA
Kaikki Alueet;2020-05-31;12;6989;Varmistettuja koronatapauksia;2021-02-03;NA;NA;NA;NA
Kaikki Alueet;2020-06-01;17;7006;Varmistettuja koronatapauksia;2021-02-03;23;Monia rajoituksia purettiin;7;23
Kaikki Alueet;2020-06-02;15;7021;Varmistettuja koronatapauksia;2021-02-03;NA;NA;NA;NA
Kaikki Alueet;2020-06-03;25;7046;Varmistettuja koronatapauksia;2021-02-03;NA;NA;NA;NA
Kaikki Alueet;2020-06-04;12;7058;Varmistettuja koronatapauksia;2021-02-03;NA;NA;NA;NA
Kaikki Alueet;2020-06-05;13;7071;Varmistettuja koronatapauksia;2021-02-03;NA;NA;NA;NA
Kaikki Alueet;2020-06-06;13;7084;Varmistettuja koronatapauksia;2021-02-03;NA;NA;NA;NA
Kaikki Alueet;2020-06-07;4;7088;Varmistettuja koronatapauksia;2021-02-03;NA;NA;NA;NA
Kaikki Alueet;2020-06-08;10;7098;Varmistettuja koronatapauksia;2021-02-03;NA;NA;NA;NA
Kaikki Alueet;2020-06-09;8;7106;Varmistettuja koronatapauksia;2021-02-03;NA;NA;NA;NA
Kaikki Alueet;2020-06-10;7;7113;Varmistettuja koronatapauksia;2021-02-03;NA;NA;NA;NA
Kaikki Alueet;2020-06-11;9;7122;Varmistettuja koronatapauksia;2021-02-03;NA;NA;NA;NA
Kaikki Alueet;2020-06-12;13;7135;Varmistettuja koronatapauksia;2021-02-03;NA;NA;NA;NA
Kaikki Alueet;2020-06-13;2;7137;Varmistettuja koronatapauksia;2021-02-03;NA;NA;NA;NA
Kaikki Alueet;2020-06-14;5;7142;Varmistettuja koronatapauksia;2021-02-03;NA;NA;NA;NA
Kaikki Alueet;2020-06-15;15;7157;Varmistettuja koronatapauksia;2021-02-03;25;Maahantulorajoitusten avaaminen aloitettiin;2;25
Kaikki Alueet;2020-06-16;8;7165;Varmistettuja koronatapauksia;2021-02-03;25;Valmiuslain mukaiset poikkeusolot päättyivät;1;25
Kaikki Alueet;2020-06-17;4;7169;Varmistettuja koronatapauksia;2021-02-03;NA;NA;NA;NA
Kaikki Alueet;2020-06-18;8;7177;Varmistettuja koronatapauksia;2021-02-03;NA;NA;NA;NA
Kaikki Alueet;2020-06-19;0;7177;Varmistettuja koronatapauksia;2021-02-03;NA;NA;NA;NA
Kaikki Alueet;2020-06-20;2;7179;Varmistettuja koronatapauksia;2021-02-03;NA;NA;NA;NA
Kaikki Alueet;2020-06-21;13;7192;Varmistettuja koronatapauksia;2021-02-03;NA;NA;NA;NA
Kaikki Alueet;2020-06-22;5;7197;Varmistettuja koronatapauksia;2021-02-03;NA;NA;NA;NA
Kaikki Alueet;2020-06-23;5;7202;Varmistettuja koronatapauksia;2021-02-03;NA;NA;NA;NA
Kaikki Alueet;2020-06-24;17;7219;Varmistettuja koronatapauksia;2021-02-03;NA;NA;NA;NA
Kaikki Alueet;2020-06-25;14;7233;Varmistettuja koronatapauksia;2021-02-03;NA;NA;NA;NA
Kaikki Alueet;2020-06-26;3;7236;Varmistettuja koronatapauksia;2021-02-03;NA;NA;NA;NA
Kaikki Alueet;2020-06-27;2;7238;Varmistettuja koronatapauksia;2021-02-03;NA;NA;NA;NA
Kaikki Alueet;2020-06-28;7;7245;Varmistettuja koronatapauksia;2021-02-03;NA;NA;NA;NA
Kaikki Alueet;2020-06-29;15;7260;Varmistettuja koronatapauksia;2021-02-03;NA;NA;NA;NA
Kaikki Alueet;2020-06-30;10;7270;Varmistettuja koronatapauksia;2021-02-03;NA;NA;NA;NA
Kaikki Alueet;2020-07-01;2;7272;Varmistettuja koronatapauksia;2021-02-03;NA;NA;NA;NA
Kaikki Alueet;2020-07-02;7;7279;Varmistettuja koronatapauksia;2021-02-03;NA;NA;NA;NA
Kaikki Alueet;2020-07-03;6;7285;Varmistettuja koronatapauksia;2021-02-03;NA;NA;NA;NA
Kaikki Alueet;2020-07-04;2;7287;Varmistettuja koronatapauksia;2021-02-03;NA;NA;NA;NA
Kaikki Alueet;2020-07-05;3;7290;Varmistettuja koronatapauksia;2021-02-03;NA;NA;NA;NA
Kaikki Alueet;2020-07-06;8;7298;Varmistettuja koronatapauksia;2021-02-03;NA;NA;NA;NA
Kaikki Alueet;2020-07-07;3;7301;Varmistettuja koronatapauksia;2021-02-03;NA;NA;NA;NA
Kaikki Alueet;2020-07-08;9;7310;Varmistettuja koronatapauksia;2021-02-03;NA;NA;NA;NA
Kaikki Alueet;2020-07-09;8;7318;Varmistettuja koronatapauksia;2021-02-03;NA;NA;NA;NA
Kaikki Alueet;2020-07-10;7;7325;Varmistettuja koronatapauksia;2021-02-03;NA;NA;NA;NA
Kaikki Alueet;2020-07-11;0;7325;Varmistettuja koronatapauksia;2021-02-03;NA;NA;NA;NA
Kaikki Alueet;2020-07-12;4;7329;Varmistettuja koronatapauksia;2021-02-03;NA;NA;NA;NA
Kaikki Alueet;2020-07-13;6;7335;Varmistettuja koronatapauksia;2021-02-03;NA;NA;NA;NA
Kaikki Alueet;2020-07-14;5;7340;Varmistettuja koronatapauksia;2021-02-03;NA;NA;NA;NA
Kaikki Alueet;2020-07-15;5;7345;Varmistettuja koronatapauksia;2021-02-03;NA;NA;NA;NA
Kaikki Alueet;2020-07-16;9;7354;Varmistettuja koronatapauksia;2021-02-03;NA;NA;NA;NA
Kaikki Alueet;2020-07-17;6;7360;Varmistettuja koronatapauksia;2021-02-03;NA;NA;NA;NA
Kaikki Alueet;2020-07-18;7;7367;Varmistettuja koronatapauksia;2021-02-03;NA;NA;NA;NA
Kaikki Alueet;2020-07-19;5;7372;Varmistettuja koronatapauksia;2021-02-03;NA;NA;NA;NA
Kaikki Alueet;2020-07-20;12;7384;Varmistettuja koronatapauksia;2021-02-03;NA;NA;NA;NA
Kaikki Alueet;2020-07-21;8;7392;Varmistettuja koronatapauksia;2021-02-03;NA;NA;NA;NA
Kaikki Alueet;2020-07-22;11;7403;Varmistettuja koronatapauksia;2021-02-03;NA;NA;NA;NA
Kaikki Alueet;2020-07-23;3;7406;Varmistettuja koronatapauksia;2021-02-03;NA;NA;NA;NA
Kaikki Alueet;2020-07-24;10;7416;Varmistettuja koronatapauksia;2021-02-03;NA;NA;NA;NA
Kaikki Alueet;2020-07-25;4;7420;Varmistettuja koronatapauksia;2021-02-03;NA;NA;NA;NA
Kaikki Alueet;2020-07-26;8;7428;Varmistettuja koronatapauksia;2021-02-03;NA;NA;NA;NA
Kaikki Alueet;2020-07-27;12;7440;Varmistettuja koronatapauksia;2021-02-03;NA;NA;NA;NA
Kaikki Alueet;2020-07-28;9;7449;Varmistettuja koronatapauksia;2021-02-03;NA;NA;NA;NA
Kaikki Alueet;2020-07-29;12;7461;Varmistettuja koronatapauksia;2021-02-03;NA;NA;NA;NA
Kaikki Alueet;2020-07-30;8;7469;Varmistettuja koronatapauksia;2021-02-03;NA;NA;NA;NA
Kaikki Alueet;2020-07-31;18;7487;Varmistettuja koronatapauksia;2021-02-03;NA;NA;NA;NA
Kaikki Alueet;2020-08-01;15;7502;Varmistettuja koronatapauksia;2021-02-03;31;Yleisötilaisuuksien rajoituksiin lievennys;8;31
Kaikki Alueet;2020-08-02;10;7512;Varmistettuja koronatapauksia;2021-02-03;NA;NA;NA;NA
Kaikki Alueet;2020-08-03;35;7547;Varmistettuja koronatapauksia;2021-02-03;NA;NA;NA;NA
Kaikki Alueet;2020-08-04;22;7569;Varmistettuja koronatapauksia;2021-02-03;NA;NA;NA;NA
Kaikki Alueet;2020-08-05;29;7598;Varmistettuja koronatapauksia;2021-02-03;NA;NA;NA;NA
Kaikki Alueet;2020-08-06;22;7620;Varmistettuja koronatapauksia;2021-02-03;NA;NA;NA;NA
Kaikki Alueet;2020-08-07;17;7637;Varmistettuja koronatapauksia;2021-02-03;NA;NA;NA;NA
Kaikki Alueet;2020-08-08;9;7646;Varmistettuja koronatapauksia;2021-02-03;NA;NA;NA;NA
Kaikki Alueet;2020-08-09;35;7681;Varmistettuja koronatapauksia;2021-02-03;NA;NA;NA;NA
Kaikki Alueet;2020-08-10;15;7696;Varmistettuja koronatapauksia;2021-02-03;NA;NA;NA;NA
Kaikki Alueet;2020-08-11;28;7724;Varmistettuja koronatapauksia;2021-02-03;NA;NA;NA;NA
Kaikki Alueet;2020-08-12;27;7751;Varmistettuja koronatapauksia;2021-02-03;NA;NA;NA;NA
Kaikki Alueet;2020-08-13;21;7772;Varmistettuja koronatapauksia;2021-02-03;33;"Suositus kasvomaskien käytöstä 
tietyissä tilanteissa";12;33
Kaikki Alueet;2020-08-14;27;7799;Varmistettuja koronatapauksia;2021-02-03;NA;NA;NA;NA
Kaikki Alueet;2020-08-15;14;7813;Varmistettuja koronatapauksia;2021-02-03;NA;NA;NA;NA
Kaikki Alueet;2020-08-16;43;7856;Varmistettuja koronatapauksia;2021-02-03;NA;NA;NA;NA
Kaikki Alueet;2020-08-17;27;7883;Varmistettuja koronatapauksia;2021-02-03;NA;NA;NA;NA
Kaikki Alueet;2020-08-18;39;7922;Varmistettuja koronatapauksia;2021-02-03;NA;NA;NA;NA
Kaikki Alueet;2020-08-19;47;7969;Varmistettuja koronatapauksia;2021-02-03;NA;NA;NA;NA
Kaikki Alueet;2020-08-20;27;7996;Varmistettuja koronatapauksia;2021-02-03;NA;NA;NA;NA
Kaikki Alueet;2020-08-21;25;8021;Varmistettuja koronatapauksia;2021-02-03;NA;NA;NA;NA
Kaikki Alueet;2020-08-22;16;8037;Varmistettuja koronatapauksia;2021-02-03;NA;NA;NA;NA
Kaikki Alueet;2020-08-23;10;8047;Varmistettuja koronatapauksia;2021-02-03;NA;NA;NA;NA
Kaikki Alueet;2020-08-24;17;8064;Varmistettuja koronatapauksia;2021-02-03;NA;NA;NA;NA
Kaikki Alueet;2020-08-25;15;8079;Varmistettuja koronatapauksia;2021-02-03;NA;NA;NA;NA
Kaikki Alueet;2020-08-26;20;8099;Varmistettuja koronatapauksia;2021-02-03;NA;NA;NA;NA
Kaikki Alueet;2020-08-27;32;8131;Varmistettuja koronatapauksia;2021-02-03;NA;NA;NA;NA
Kaikki Alueet;2020-08-28;35;8166;Varmistettuja koronatapauksia;2021-02-03;NA;NA;NA;NA
Kaikki Alueet;2020-08-29;19;8185;Varmistettuja koronatapauksia;2021-02-03;NA;NA;NA;NA
Kaikki Alueet;2020-08-30;18;8203;Varmistettuja koronatapauksia;2021-02-03;NA;NA;NA;NA
Kaikki Alueet;2020-08-31;48;8251;Varmistettuja koronatapauksia;2021-02-03;14;Koronavilkku julkaistiin;10;14
Kaikki Alueet;2020-09-01;29;8280;Varmistettuja koronatapauksia;2021-02-03;NA;NA;NA;NA
Kaikki Alueet;2020-09-02;26;8306;Varmistettuja koronatapauksia;2021-02-03;NA;NA;NA;NA
Kaikki Alueet;2020-09-03;35;8341;Varmistettuja koronatapauksia;2021-02-03;NA;NA;NA;NA
Kaikki Alueet;2020-09-04;42;8383;Varmistettuja koronatapauksia;2021-02-03;NA;NA;NA;NA
Kaikki Alueet;2020-09-05;22;8405;Varmistettuja koronatapauksia;2021-02-03;NA;NA;NA;NA
Kaikki Alueet;2020-09-06;33;8438;Varmistettuja koronatapauksia;2021-02-03;NA;NA;NA;NA
Kaikki Alueet;2020-09-07;45;8483;Varmistettuja koronatapauksia;2021-02-03;37;"Jako perus-, leviämis- ja 
kiihtymisvaiheisiin alueittain";9;37
Kaikki Alueet;2020-09-08;58;8541;Varmistettuja koronatapauksia;2021-02-03;NA;NA;NA;NA
Kaikki Alueet;2020-09-09;55;8596;Varmistettuja koronatapauksia;2021-02-03;NA;NA;NA;NA
Kaikki Alueet;2020-09-10;54;8650;Varmistettuja koronatapauksia;2021-02-03;NA;NA;NA;NA
Kaikki Alueet;2020-09-11;58;8708;Varmistettuja koronatapauksia;2021-02-03;NA;NA;NA;NA
Kaikki Alueet;2020-09-12;40;8748;Varmistettuja koronatapauksia;2021-02-03;NA;NA;NA;NA
Kaikki Alueet;2020-09-13;46;8794;Varmistettuja koronatapauksia;2021-02-03;NA;NA;NA;NA
Kaikki Alueet;2020-09-14;59;8853;Varmistettuja koronatapauksia;2021-02-03;NA;NA;NA;NA
Kaikki Alueet;2020-09-15;53;8906;Varmistettuja koronatapauksia;2021-02-03;NA;NA;NA;NA
Kaikki Alueet;2020-09-16;57;8963;Varmistettuja koronatapauksia;2021-02-03;NA;NA;NA;NA
Kaikki Alueet;2020-09-17;85;9048;Varmistettuja koronatapauksia;2021-02-03;NA;NA;NA;NA
Kaikki Alueet;2020-09-18;77;9125;Varmistettuja koronatapauksia;2021-02-03;NA;NA;NA;NA
Kaikki Alueet;2020-09-19;61;9186;Varmistettuja koronatapauksia;2021-02-03;NA;NA;NA;NA
Kaikki Alueet;2020-09-20;74;9260;Varmistettuja koronatapauksia;2021-02-03;NA;NA;NA;NA
Kaikki Alueet;2020-09-21;120;9380;Varmistettuja koronatapauksia;2021-02-03;NA;NA;NA;NA
Kaikki Alueet;2020-09-22;110;9490;Varmistettuja koronatapauksia;2021-02-03;NA;NA;NA;NA
Kaikki Alueet;2020-09-23;117;9607;Varmistettuja koronatapauksia;2021-02-03;NA;NA;NA;NA
Kaikki Alueet;2020-09-24;98;9705;Varmistettuja koronatapauksia;2021-02-03;NA;NA;NA;NA
Kaikki Alueet;2020-09-25;127;9832;Varmistettuja koronatapauksia;2021-02-03;NA;NA;NA;NA
Kaikki Alueet;2020-09-26;74;9906;Varmistettuja koronatapauksia;2021-02-03;NA;NA;NA;NA
Kaikki Alueet;2020-09-27;70;9976;Varmistettuja koronatapauksia;2021-02-03;NA;NA;NA;NA
Kaikki Alueet;2020-09-28;122;10098;Varmistettuja koronatapauksia;2021-02-03;NA;NA;NA;NA
Kaikki Alueet;2020-09-29;133;10231;Varmistettuja koronatapauksia;2021-02-03;NA;NA;NA;NA
Kaikki Alueet;2020-09-30;166;10397;Varmistettuja koronatapauksia;2021-02-03;NA;NA;NA;NA
Kaikki Alueet;2020-10-01;191;10588;Varmistettuja koronatapauksia;2021-02-03;NA;NA;NA;NA
Kaikki Alueet;2020-10-02;188;10776;Varmistettuja koronatapauksia;2021-02-03;NA;NA;NA;NA
Kaikki Alueet;2020-10-03;180;10956;Varmistettuja koronatapauksia;2021-02-03;NA;NA;NA;NA
Kaikki Alueet;2020-10-04;148;11104;Varmistettuja koronatapauksia;2021-02-03;NA;NA;NA;NA
Kaikki Alueet;2020-10-05;292;11396;Varmistettuja koronatapauksia;2021-02-03;NA;NA;NA;NA
Kaikki Alueet;2020-10-06;303;11699;Varmistettuja koronatapauksia;2021-02-03;NA;NA;NA;NA
Kaikki Alueet;2020-10-07;306;12005;Varmistettuja koronatapauksia;2021-02-03;NA;NA;NA;NA
Kaikki Alueet;2020-10-08;259;12264;Varmistettuja koronatapauksia;2021-02-03;NA;NA;NA;NA
Kaikki Alueet;2020-10-09;227;12491;Varmistettuja koronatapauksia;2021-02-03;NA;NA;NA;NA
Kaikki Alueet;2020-10-10;110;12601;Varmistettuja koronatapauksia;2021-02-03;NA;NA;NA;NA
Kaikki Alueet;2020-10-11;130;12731;Varmistettuja koronatapauksia;2021-02-03;NA;NA;NA;NA
Kaikki Alueet;2020-10-12;256;12987;Varmistettuja koronatapauksia;2021-02-03;NA;NA;NA;NA
Kaikki Alueet;2020-10-13;200;13187;Varmistettuja koronatapauksia;2021-02-03;NA;NA;NA;NA
Kaikki Alueet;2020-10-14;202;13389;Varmistettuja koronatapauksia;2021-02-03;NA;NA;NA;NA
Kaikki Alueet;2020-10-15;190;13579;Varmistettuja koronatapauksia;2021-02-03;NA;NA;NA;NA
Kaikki Alueet;2020-10-16;195;13774;Varmistettuja koronatapauksia;2021-02-03;NA;NA;NA;NA
Kaikki Alueet;2020-10-17;104;13878;Varmistettuja koronatapauksia;2021-02-03;NA;NA;NA;NA
Kaikki Alueet;2020-10-18;130;14008;Varmistettuja koronatapauksia;2021-02-03;NA;NA;NA;NA
Kaikki Alueet;2020-10-19;245;14253;Varmistettuja koronatapauksia;2021-02-03;NA;NA;NA;NA
Kaikki Alueet;2020-10-20;167;14420;Varmistettuja koronatapauksia;2021-02-03;NA;NA;NA;NA
Kaikki Alueet;2020-10-21;189;14609;Varmistettuja koronatapauksia;2021-02-03;NA;NA;NA;NA
Kaikki Alueet;2020-10-22;220;14829;Varmistettuja koronatapauksia;2021-02-03;NA;NA;NA;NA
Kaikki Alueet;2020-10-23;193;15022;Varmistettuja koronatapauksia;2021-02-03;43;Toimenpidesuositukset eri vaiheisiin;9;43
Kaikki Alueet;2020-10-24;107;15129;Varmistettuja koronatapauksia;2021-02-03;NA;NA;NA;NA
Kaikki Alueet;2020-10-25;124;15253;Varmistettuja koronatapauksia;2021-02-03;NA;NA;NA;NA
Kaikki Alueet;2020-10-26;256;15509;Varmistettuja koronatapauksia;2021-02-03;NA;NA;NA;NA
Kaikki Alueet;2020-10-27;231;15740;Varmistettuja koronatapauksia;2021-02-03;NA;NA;NA;NA
Kaikki Alueet;2020-10-28;241;15981;Varmistettuja koronatapauksia;2021-02-03;NA;NA;NA;NA
Kaikki Alueet;2020-10-29;237;16218;Varmistettuja koronatapauksia;2021-02-03;NA;NA;NA;NA
Kaikki Alueet;2020-10-30;220;16438;Varmistettuja koronatapauksia;2021-02-03;NA;NA;NA;NA
Kaikki Alueet;2020-10-31;121;16559;Varmistettuja koronatapauksia;2021-02-03;NA;NA;NA;NA
Kaikki Alueet;2020-11-01;150;16709;Varmistettuja koronatapauksia;2021-02-03;NA;NA;NA;NA
Kaikki Alueet;2020-11-02;288;16997;Varmistettuja koronatapauksia;2021-02-03;NA;NA;NA;NA
Kaikki Alueet;2020-11-03;241;17238;Varmistettuja koronatapauksia;2021-02-03;NA;NA;NA;NA
Kaikki Alueet;2020-11-04;213;17451;Varmistettuja koronatapauksia;2021-02-03;NA;NA;NA;NA
Kaikki Alueet;2020-11-05;222;17673;Varmistettuja koronatapauksia;2021-02-03;NA;NA;NA;NA
Kaikki Alueet;2020-11-06;196;17869;Varmistettuja koronatapauksia;2021-02-03;NA;NA;NA;NA
Kaikki Alueet;2020-11-07;128;17997;Varmistettuja koronatapauksia;2021-02-03;NA;NA;NA;NA
Kaikki Alueet;2020-11-08;133;18130;Varmistettuja koronatapauksia;2021-02-03;NA;NA;NA;NA
Kaikki Alueet;2020-11-09;273;18403;Varmistettuja koronatapauksia;2021-02-03;NA;NA;NA;NA
Kaikki Alueet;2020-11-10;206;18609;Varmistettuja koronatapauksia;2021-02-03;NA;NA;NA;NA
Kaikki Alueet;2020-11-11;294;18903;Varmistettuja koronatapauksia;2021-02-03;NA;NA;NA;NA
Kaikki Alueet;2020-11-12;282;19185;Varmistettuja koronatapauksia;2021-02-03;NA;NA;NA;NA
Kaikki Alueet;2020-11-13;267;19452;Varmistettuja koronatapauksia;2021-02-03;NA;NA;NA;NA
Kaikki Alueet;2020-11-14;145;19597;Varmistettuja koronatapauksia;2021-02-03;NA;NA;NA;NA
Kaikki Alueet;2020-11-15;182;19779;Varmistettuja koronatapauksia;2021-02-03;NA;NA;NA;NA
Kaikki Alueet;2020-11-16;392;20171;Varmistettuja koronatapauksia;2021-02-03;NA;NA;NA;NA
Kaikki Alueet;2020-11-17;391;20562;Varmistettuja koronatapauksia;2021-02-03;NA;NA;NA;NA
Kaikki Alueet;2020-11-18;376;20938;Varmistettuja koronatapauksia;2021-02-03;NA;NA;NA;NA
Kaikki Alueet;2020-11-19;478;21416;Varmistettuja koronatapauksia;2021-02-03;NA;NA;NA;NA
Kaikki Alueet;2020-11-20;428;21844;Varmistettuja koronatapauksia;2021-02-03;NA;NA;NA;NA
Kaikki Alueet;2020-11-21;268;22112;Varmistettuja koronatapauksia;2021-02-03;NA;NA;NA;NA
Kaikki Alueet;2020-11-22;266;22378;Varmistettuja koronatapauksia;2021-02-03;NA;NA;NA;NA
Kaikki Alueet;2020-11-23;504;22882;Varmistettuja koronatapauksia;2021-02-03;NA;NA;NA;NA
Kaikki Alueet;2020-11-24;471;23353;Varmistettuja koronatapauksia;2021-02-03;NA;NA;NA;NA
Kaikki Alueet;2020-11-25;621;23974;Varmistettuja koronatapauksia;2021-02-03;NA;NA;NA;NA
Kaikki Alueet;2020-11-26;510;24484;Varmistettuja koronatapauksia;2021-02-03;NA;NA;NA;NA
Kaikki Alueet;2020-11-27;455;24939;Varmistettuja koronatapauksia;2021-02-03;NA;NA;NA;NA
Kaikki Alueet;2020-11-28;284;25223;Varmistettuja koronatapauksia;2021-02-03;NA;NA;NA;NA
Kaikki Alueet;2020-11-29;293;25516;Varmistettuja koronatapauksia;2021-02-03;NA;NA;NA;NA
Kaikki Alueet;2020-11-30;596;26112;Varmistettuja koronatapauksia;2021-02-03;NA;NA;NA;NA
Kaikki Alueet;2020-12-01;439;26551;Varmistettuja koronatapauksia;2021-02-03;NA;NA;NA;NA
Kaikki Alueet;2020-12-02;495;27046;Varmistettuja koronatapauksia;2021-02-03;NA;NA;NA;NA
Kaikki Alueet;2020-12-03;477;27523;Varmistettuja koronatapauksia;2021-02-03;NA;NA;NA;NA
Kaikki Alueet;2020-12-04;472;27995;Varmistettuja koronatapauksia;2021-02-03;NA;NA;NA;NA
Kaikki Alueet;2020-12-05;251;28246;Varmistettuja koronatapauksia;2021-02-03;NA;NA;NA;NA
Kaikki Alueet;2020-12-06;283;28529;Varmistettuja koronatapauksia;2021-02-03;NA;NA;NA;NA
Kaikki Alueet;2020-12-07;587;29116;Varmistettuja koronatapauksia;2021-02-03;NA;NA;NA;NA
Kaikki Alueet;2020-12-08;478;29594;Varmistettuja koronatapauksia;2021-02-03;NA;NA;NA;NA
Kaikki Alueet;2020-12-09;463;30057;Varmistettuja koronatapauksia;2021-02-03;NA;NA;NA;NA
Kaikki Alueet;2020-12-10;408;30465;Varmistettuja koronatapauksia;2021-02-03;NA;NA;NA;NA
Kaikki Alueet;2020-12-11;444;30909;Varmistettuja koronatapauksia;2021-02-03;NA;NA;NA;NA
Kaikki Alueet;2020-12-12;250;31159;Varmistettuja koronatapauksia;2021-02-03;NA;NA;NA;NA
Kaikki Alueet;2020-12-13;276;31435;Varmistettuja koronatapauksia;2021-02-03;NA;NA;NA;NA
Kaikki Alueet;2020-12-14;463;31898;Varmistettuja koronatapauksia;2021-02-03;NA;NA;NA;NA
Kaikki Alueet;2020-12-15;359;32257;Varmistettuja koronatapauksia;2021-02-03;NA;NA;NA;NA
Kaikki Alueet;2020-12-16;351;32608;Varmistettuja koronatapauksia;2021-02-03;NA;NA;NA;NA
Kaikki Alueet;2020-12-17;319;32927;Varmistettuja koronatapauksia;2021-02-03;NA;NA;NA;NA
Kaikki Alueet;2020-12-18;395;33322;Varmistettuja koronatapauksia;2021-02-03;NA;NA;NA;NA
Kaikki Alueet;2020-12-19;190;33512;Varmistettuja koronatapauksia;2021-02-03;NA;NA;NA;NA
Kaikki Alueet;2020-12-20;244;33756;Varmistettuja koronatapauksia;2021-02-03;NA;NA;NA;NA
Kaikki Alueet;2020-12-21;374;34130;Varmistettuja koronatapauksia;2021-02-03;NA;NA;NA;NA
Kaikki Alueet;2020-12-22;331;34461;Varmistettuja koronatapauksia;2021-02-03;NA;NA;NA;NA
Kaikki Alueet;2020-12-23;277;34738;Varmistettuja koronatapauksia;2021-02-03;NA;NA;NA;NA
Kaikki Alueet;2020-12-24;138;34876;Varmistettuja koronatapauksia;2021-02-03;NA;NA;NA;NA
Kaikki Alueet;2020-12-25;157;35033;Varmistettuja koronatapauksia;2021-02-03;NA;NA;NA;NA
Kaikki Alueet;2020-12-26;183;35216;Varmistettuja koronatapauksia;2021-02-03;NA;NA;NA;NA
Kaikki Alueet;2020-12-27;189;35405;Varmistettuja koronatapauksia;2021-02-03;52;Koronarokotukset aloitettiin;11;52
Kaikki Alueet;2020-12-28;432;35837;Varmistettuja koronatapauksia;2021-02-03;NA;NA;NA;NA
Kaikki Alueet;2020-12-29;307;36144;Varmistettuja koronatapauksia;2021-02-03;NA;NA;NA;NA
Kaikki Alueet;2020-12-30;255;36399;Varmistettuja koronatapauksia;2021-02-03;NA;NA;NA;NA
Kaikki Alueet;2020-12-31;252;36651;Varmistettuja koronatapauksia;2021-02-03;NA;NA;NA;NA
Kaikki Alueet;2021-01-01;129;36780;Varmistettuja koronatapauksia;2021-02-03;NA;NA;NA;NA
Kaikki Alueet;2021-01-02;205;36985;Varmistettuja koronatapauksia;2021-02-03;NA;NA;NA;NA
Kaikki Alueet;2021-01-03;171;37156;Varmistettuja koronatapauksia;2021-02-03;NA;NA;NA;NA
Kaikki Alueet;2021-01-04;395;37551;Varmistettuja koronatapauksia;2021-02-03;NA;NA;NA;NA
Kaikki Alueet;2021-01-05;261;37812;Varmistettuja koronatapauksia;2021-02-03;NA;NA;NA;NA
Kaikki Alueet;2021-01-06;209;38021;Varmistettuja koronatapauksia;2021-02-03;NA;NA;NA;NA
Kaikki Alueet;2021-01-07;331;38352;Varmistettuja koronatapauksia;2021-02-03;NA;NA;NA;NA
Kaikki Alueet;2021-01-08;252;38604;Varmistettuja koronatapauksia;2021-02-03;NA;NA;NA;NA
Kaikki Alueet;2021-01-09;193;38797;Varmistettuja koronatapauksia;2021-02-03;NA;NA;NA;NA
Kaikki Alueet;2021-01-10;184;38981;Varmistettuja koronatapauksia;2021-02-03;NA;NA;NA;NA
Kaikki Alueet;2021-01-11;387;39368;Varmistettuja koronatapauksia;2021-02-03;NA;NA;NA;NA
Kaikki Alueet;2021-01-12;226;39594;Varmistettuja koronatapauksia;2021-02-03;NA;NA;NA;NA
Kaikki Alueet;2021-01-13;257;39851;Varmistettuja koronatapauksia;2021-02-03;NA;NA;NA;NA
Kaikki Alueet;2021-01-14;249;40100;Varmistettuja koronatapauksia;2021-02-03;NA;NA;NA;NA
Kaikki Alueet;2021-01-15;266;40366;Varmistettuja koronatapauksia;2021-02-03;NA;NA;NA;NA
Kaikki Alueet;2021-01-16;169;40535;Varmistettuja koronatapauksia;2021-02-03;NA;NA;NA;NA
Kaikki Alueet;2021-01-17;194;40729;Varmistettuja koronatapauksia;2021-02-03;NA;NA;NA;NA
Kaikki Alueet;2021-01-18;447;41176;Varmistettuja koronatapauksia;2021-02-03;NA;NA;NA;NA
Kaikki Alueet;2021-01-19;343;41519;Varmistettuja koronatapauksia;2021-02-03;NA;NA;NA;NA
Kaikki Alueet;2021-01-20;398;41917;Varmistettuja koronatapauksia;2021-02-03;NA;NA;NA;NA
Kaikki Alueet;2021-01-21;377;42294;Varmistettuja koronatapauksia;2021-02-03;NA;NA;NA;NA
Kaikki Alueet;2021-01-22;356;42650;Varmistettuja koronatapauksia;2021-02-03;NA;NA;NA;NA
Kaikki Alueet;2021-01-23;170;42820;Varmistettuja koronatapauksia;2021-02-03;NA;NA;NA;NA
Kaikki Alueet;2021-01-24;243;43063;Varmistettuja koronatapauksia;2021-02-03;NA;NA;NA;NA
Kaikki Alueet;2021-01-25;602;43665;Varmistettuja koronatapauksia;2021-02-03;NA;NA;NA;NA
Kaikki Alueet;2021-01-26;401;44066;Varmistettuja koronatapauksia;2021-02-03;4;"Toimenpidesuositusten täydennys 
virusmuunnoksen vuoksi";9;4
Kaikki Alueet;2021-01-27;381;44447;Varmistettuja koronatapauksia;2021-02-03;NA;NA;NA;NA
Kaikki Alueet;2021-01-28;429;44876;Varmistettuja koronatapauksia;2021-02-03;NA;NA;NA;NA
Kaikki Alueet;2021-01-29;362;45238;Varmistettuja koronatapauksia;2021-02-03;NA;NA;NA;NA
Kaikki Alueet;2021-01-30;184;45422;Varmistettuja koronatapauksia;2021-02-03;NA;NA;NA;NA
Kaikki Alueet;2021-01-31;199;45621;Varmistettuja koronatapauksia;2021-02-03;NA;NA;NA;NA
Kaikki Alueet;2021-02-01;163;45784;Varmistettuja koronatapauksia;2021-02-03;NA;NA;NA;NA
Kaikki Alueet;2021-02-02;0;45784;Varmistettuja koronatapauksia;2021-02-03;NA;NA;NA;NA
NA;2020-01-28;0;0;Koronarokotteen ensimmäinen annos;2021-02-03;NA;NA;NA;NA
NA;2020-01-29;0;0;Koronarokotteen ensimmäinen annos;2021-02-03;NA;NA;NA;NA
NA;2020-01-30;0;0;Koronarokotteen ensimmäinen annos;2021-02-03;NA;NA;NA;NA
NA;2020-01-31;0;0;Koronarokotteen ensimmäinen annos;2021-02-03;NA;NA;NA;NA
NA;2020-02-01;0;0;Koronarokotteen ensimmäinen annos;2021-02-03;NA;NA;NA;NA
NA;2020-02-02;0;0;Koronarokotteen ensimmäinen annos;2021-02-03;NA;NA;NA;NA
NA;2020-02-03;0;0;Koronarokotteen ensimmäinen annos;2021-02-03;NA;NA;NA;NA
NA;2020-02-04;0;0;Koronarokotteen ensimmäinen annos;2021-02-03;NA;NA;NA;NA
NA;2020-02-05;0;0;Koronarokotteen ensimmäinen annos;2021-02-03;NA;NA;NA;NA
NA;2020-02-06;0;0;Koronarokotteen ensimmäinen annos;2021-02-03;NA;NA;NA;NA
NA;2020-02-07;0;0;Koronarokotteen ensimmäinen annos;2021-02-03;NA;NA;NA;NA
NA;2020-02-08;0;0;Koronarokotteen ensimmäinen annos;2021-02-03;NA;NA;NA;NA
NA;2020-02-09;0;0;Koronarokotteen ensimmäinen annos;2021-02-03;NA;NA;NA;NA
NA;2020-02-10;0;0;Koronarokotteen ensimmäinen annos;2021-02-03;NA;NA;NA;NA
NA;2020-02-11;0;0;Koronarokotteen ensimmäinen annos;2021-02-03;NA;NA;NA;NA
NA;2020-02-12;0;0;Koronarokotteen ensimmäinen annos;2021-02-03;NA;NA;NA;NA
NA;2020-02-13;0;0;Koronarokotteen ensimmäinen annos;2021-02-03;NA;NA;NA;NA
NA;2020-02-14;0;0;Koronarokotteen ensimmäinen annos;2021-02-03;NA;NA;NA;NA
NA;2020-02-15;0;0;Koronarokotteen ensimmäinen annos;2021-02-03;NA;NA;NA;NA
NA;2020-02-16;0;0;Koronarokotteen ensimmäinen annos;2021-02-03;NA;NA;NA;NA
NA;2020-02-17;0;0;Koronarokotteen ensimmäinen annos;2021-02-03;NA;NA;NA;NA
NA;2020-02-18;0;0;Koronarokotteen ensimmäinen annos;2021-02-03;NA;NA;NA;NA
NA;2020-02-19;0;0;Koronarokotteen ensimmäinen annos;2021-02-03;NA;NA;NA;NA
NA;2020-02-20;0;0;Koronarokotteen ensimmäinen annos;2021-02-03;NA;NA;NA;NA
NA;2020-02-21;0;0;Koronarokotteen ensimmäinen annos;2021-02-03;NA;NA;NA;NA
NA;2020-02-22;0;0;Koronarokotteen ensimmäinen annos;2021-02-03;NA;NA;NA;NA
NA;2020-02-23;0;0;Koronarokotteen ensimmäinen annos;2021-02-03;NA;NA;NA;NA
NA;2020-02-24;0;0;Koronarokotteen ensimmäinen annos;2021-02-03;NA;NA;NA;NA
NA;2020-02-25;0;0;Koronarokotteen ensimmäinen annos;2021-02-03;NA;NA;NA;NA
NA;2020-02-26;0;0;Koronarokotteen ensimmäinen annos;2021-02-03;NA;NA;NA;NA
NA;2020-02-27;0;0;Koronarokotteen ensimmäinen annos;2021-02-03;NA;NA;NA;NA
NA;2020-02-28;0;0;Koronarokotteen ensimmäinen annos;2021-02-03;NA;NA;NA;NA
NA;2020-02-29;0;0;Koronarokotteen ensimmäinen annos;2021-02-03;NA;NA;NA;NA
NA;2020-03-01;0;0;Koronarokotteen ensimmäinen annos;2021-02-03;NA;NA;NA;NA
NA;2020-03-02;0;0;Koronarokotteen ensimmäinen annos;2021-02-03;NA;NA;NA;NA
NA;2020-03-03;0;0;Koronarokotteen ensimmäinen annos;2021-02-03;NA;NA;NA;NA
NA;2020-03-04;0;0;Koronarokotteen ensimmäinen annos;2021-02-03;NA;NA;NA;NA
NA;2020-03-05;0;0;Koronarokotteen ensimmäinen annos;2021-02-03;NA;NA;NA;NA
NA;2020-03-06;0;0;Koronarokotteen ensimmäinen annos;2021-02-03;NA;NA;NA;NA
NA;2020-03-07;0;0;Koronarokotteen ensimmäinen annos;2021-02-03;NA;NA;NA;NA
NA;2020-03-08;0;0;Koronarokotteen ensimmäinen annos;2021-02-03;NA;NA;NA;NA
NA;2020-03-09;0;0;Koronarokotteen ensimmäinen annos;2021-02-03;NA;NA;NA;NA
NA;2020-03-10;0;0;Koronarokotteen ensimmäinen annos;2021-02-03;NA;NA;NA;NA
NA;2020-03-11;0;0;Koronarokotteen ensimmäinen annos;2021-02-03;NA;NA;NA;NA
NA;2020-03-12;0;0;Koronarokotteen ensimmäinen annos;2021-02-03;NA;NA;NA;NA
NA;2020-03-13;0;0;Koronarokotteen ensimmäinen annos;2021-02-03;NA;NA;NA;NA
NA;2020-03-14;0;0;Koronarokotteen ensimmäinen annos;2021-02-03;NA;NA;NA;NA
NA;2020-03-15;0;0;Koronarokotteen ensimmäinen annos;2021-02-03;NA;NA;NA;NA
NA;2020-03-16;0;0;Koronarokotteen ensimmäinen annos;2021-02-03;12;Valmiuslaki voimaan;1;12
NA;2020-03-17;0;0;Koronarokotteen ensimmäinen annos;2021-02-03;NA;NA;NA;NA
NA;2020-03-18;0;0;Koronarokotteen ensimmäinen annos;2021-02-03;NA;NA;NA;NA
NA;2020-03-19;0;0;Koronarokotteen ensimmäinen annos;2021-02-03;12;Maahantulorajoitukset Suomen ulkorajoille;2;12
NA;2020-03-20;0;0;Koronarokotteen ensimmäinen annos;2021-02-03;NA;NA;NA;NA
NA;2020-03-21;0;0;Koronarokotteen ensimmäinen annos;2021-02-03;NA;NA;NA;NA
NA;2020-03-22;0;0;Koronarokotteen ensimmäinen annos;2021-02-03;NA;NA;NA;NA
NA;2020-03-23;0;0;Koronarokotteen ensimmäinen annos;2021-02-03;NA;NA;NA;NA
NA;2020-03-24;0;0;Koronarokotteen ensimmäinen annos;2021-02-03;NA;NA;NA;NA
NA;2020-03-25;0;0;Koronarokotteen ensimmäinen annos;2021-02-03;NA;NA;NA;NA
NA;2020-03-26;0;0;Koronarokotteen ensimmäinen annos;2021-02-03;NA;NA;NA;NA
NA;2020-03-27;0;0;Koronarokotteen ensimmäinen annos;2021-02-03;NA;NA;NA;NA
NA;2020-03-28;0;0;Koronarokotteen ensimmäinen annos;2021-02-03;13;Uudenmaan sulku alkaa;3;13
NA;2020-03-29;0;0;Koronarokotteen ensimmäinen annos;2021-02-03;NA;NA;NA;NA
NA;2020-03-30;0;0;Koronarokotteen ensimmäinen annos;2021-02-03;NA;NA;NA;NA
NA;2020-03-31;0;0;Koronarokotteen ensimmäinen annos;2021-02-03;NA;NA;NA;NA
NA;2020-04-01;0;0;Koronarokotteen ensimmäinen annos;2021-02-03;NA;NA;NA;NA
NA;2020-04-02;0;0;Koronarokotteen ensimmäinen annos;2021-02-03;NA;NA;NA;NA
NA;2020-04-03;0;0;Koronarokotteen ensimmäinen annos;2021-02-03;NA;NA;NA;NA
NA;2020-04-04;0;0;Koronarokotteen ensimmäinen annos;2021-02-03;NA;NA;NA;NA
NA;2020-04-05;0;0;Koronarokotteen ensimmäinen annos;2021-02-03;NA;NA;NA;NA
NA;2020-04-06;0;0;Koronarokotteen ensimmäinen annos;2021-02-03;NA;NA;NA;NA
NA;2020-04-07;0;0;Koronarokotteen ensimmäinen annos;2021-02-03;NA;NA;NA;NA
NA;2020-04-08;0;0;Koronarokotteen ensimmäinen annos;2021-02-03;15;"Laki yrittäjien työttömyysturvaoikeuden 
väliaikaisesta järjestämisestä voimaan";4;15
NA;2020-04-09;0;0;Koronarokotteen ensimmäinen annos;2021-02-03;NA;NA;NA;NA
NA;2020-04-10;0;0;Koronarokotteen ensimmäinen annos;2021-02-03;NA;NA;NA;NA
NA;2020-04-11;0;0;Koronarokotteen ensimmäinen annos;2021-02-03;NA;NA;NA;NA
NA;2020-04-12;0;0;Koronarokotteen ensimmäinen annos;2021-02-03;NA;NA;NA;NA
NA;2020-04-13;0;0;Koronarokotteen ensimmäinen annos;2021-02-03;NA;NA;NA;NA
NA;2020-04-14;0;0;Koronarokotteen ensimmäinen annos;2021-02-03;NA;NA;NA;NA
NA;2020-04-15;0;0;Koronarokotteen ensimmäinen annos;2021-02-03;16;Uudenmaan sulku päättyy;3;16
NA;2020-04-16;0;0;Koronarokotteen ensimmäinen annos;2021-02-03;NA;NA;NA;NA
NA;2020-04-17;0;0;Koronarokotteen ensimmäinen annos;2021-02-03;NA;NA;NA;NA
NA;2020-04-18;0;0;Koronarokotteen ensimmäinen annos;2021-02-03;NA;NA;NA;NA
NA;2020-04-19;0;0;Koronarokotteen ensimmäinen annos;2021-02-03;NA;NA;NA;NA
NA;2020-04-20;0;0;Koronarokotteen ensimmäinen annos;2021-02-03;NA;NA;NA;NA
NA;2020-04-21;0;0;Koronarokotteen ensimmäinen annos;2021-02-03;NA;NA;NA;NA
NA;2020-04-22;0;0;Koronarokotteen ensimmäinen annos;2021-02-03;NA;NA;NA;NA
NA;2020-04-23;0;0;Koronarokotteen ensimmäinen annos;2021-02-03;NA;NA;NA;NA
NA;2020-04-24;0;0;Koronarokotteen ensimmäinen annos;2021-02-03;NA;NA;NA;NA
NA;2020-04-25;0;0;Koronarokotteen ensimmäinen annos;2021-02-03;NA;NA;NA;NA
NA;2020-04-26;0;0;Koronarokotteen ensimmäinen annos;2021-02-03;NA;NA;NA;NA
NA;2020-04-27;0;0;Koronarokotteen ensimmäinen annos;2021-02-03;NA;NA;NA;NA
NA;2020-04-28;0;0;Koronarokotteen ensimmäinen annos;2021-02-03;NA;NA;NA;NA
NA;2020-04-29;0;0;Koronarokotteen ensimmäinen annos;2021-02-03;NA;NA;NA;NA
NA;2020-04-30;0;0;Koronarokotteen ensimmäinen annos;2021-02-03;NA;NA;NA;NA
NA;2020-05-01;0;0;Koronarokotteen ensimmäinen annos;2021-02-03;18;"Laki koronavirusepidemian vuoksi palkatta 
työstä poissa olevalle maksettavasta 
väliaikaisesta tuesta voimaan";5;18
NA;2020-05-02;0;0;Koronarokotteen ensimmäinen annos;2021-02-03;NA;NA;NA;NA
NA;2020-05-03;0;0;Koronarokotteen ensimmäinen annos;2021-02-03;NA;NA;NA;NA
NA;2020-05-04;0;0;Koronarokotteen ensimmäinen annos;2021-02-03;NA;NA;NA;NA
NA;2020-05-05;0;0;Koronarokotteen ensimmäinen annos;2021-02-03;NA;NA;NA;NA
NA;2020-05-06;0;0;Koronarokotteen ensimmäinen annos;2021-02-03;NA;NA;NA;NA
NA;2020-05-07;0;0;Koronarokotteen ensimmäinen annos;2021-02-03;NA;NA;NA;NA
NA;2020-05-08;0;0;Koronarokotteen ensimmäinen annos;2021-02-03;NA;NA;NA;NA
NA;2020-05-09;0;0;Koronarokotteen ensimmäinen annos;2021-02-03;NA;NA;NA;NA
NA;2020-05-10;0;0;Koronarokotteen ensimmäinen annos;2021-02-03;NA;NA;NA;NA
NA;2020-05-11;0;0;Koronarokotteen ensimmäinen annos;2021-02-03;NA;NA;NA;NA
NA;2020-05-12;0;0;Koronarokotteen ensimmäinen annos;2021-02-03;NA;NA;NA;NA
NA;2020-05-13;0;0;Koronarokotteen ensimmäinen annos;2021-02-03;NA;NA;NA;NA
NA;2020-05-14;0;0;Koronarokotteen ensimmäinen annos;2021-02-03;20;Perusopetuksessa palattiin lähiopetukseen;6;20
NA;2020-05-15;0;0;Koronarokotteen ensimmäinen annos;2021-02-03;NA;NA;NA;NA
NA;2020-05-16;0;0;Koronarokotteen ensimmäinen annos;2021-02-03;NA;NA;NA;NA
NA;2020-05-17;0;0;Koronarokotteen ensimmäinen annos;2021-02-03;NA;NA;NA;NA
NA;2020-05-18;0;0;Koronarokotteen ensimmäinen annos;2021-02-03;NA;NA;NA;NA
NA;2020-05-19;0;0;Koronarokotteen ensimmäinen annos;2021-02-03;NA;NA;NA;NA
NA;2020-05-20;0;0;Koronarokotteen ensimmäinen annos;2021-02-03;NA;NA;NA;NA
NA;2020-05-21;0;0;Koronarokotteen ensimmäinen annos;2021-02-03;NA;NA;NA;NA
NA;2020-05-22;0;0;Koronarokotteen ensimmäinen annos;2021-02-03;NA;NA;NA;NA
NA;2020-05-23;0;0;Koronarokotteen ensimmäinen annos;2021-02-03;NA;NA;NA;NA
NA;2020-05-24;0;0;Koronarokotteen ensimmäinen annos;2021-02-03;NA;NA;NA;NA
NA;2020-05-25;0;0;Koronarokotteen ensimmäinen annos;2021-02-03;NA;NA;NA;NA
NA;2020-05-26;0;0;Koronarokotteen ensimmäinen annos;2021-02-03;NA;NA;NA;NA
NA;2020-05-27;0;0;Koronarokotteen ensimmäinen annos;2021-02-03;NA;NA;NA;NA
NA;2020-05-28;0;0;Koronarokotteen ensimmäinen annos;2021-02-03;NA;NA;NA;NA
NA;2020-05-29;0;0;Koronarokotteen ensimmäinen annos;2021-02-03;NA;NA;NA;NA
NA;2020-05-30;0;0;Koronarokotteen ensimmäinen annos;2021-02-03;NA;NA;NA;NA
NA;2020-05-31;0;0;Koronarokotteen ensimmäinen annos;2021-02-03;NA;NA;NA;NA
NA;2020-06-01;0;0;Koronarokotteen ensimmäinen annos;2021-02-03;23;Monia rajoituksia purettiin;7;23
NA;2020-06-02;0;0;Koronarokotteen ensimmäinen annos;2021-02-03;NA;NA;NA;NA
NA;2020-06-03;0;0;Koronarokotteen ensimmäinen annos;2021-02-03;NA;NA;NA;NA
NA;2020-06-04;0;0;Koronarokotteen ensimmäinen annos;2021-02-03;NA;NA;NA;NA
NA;2020-06-05;0;0;Koronarokotteen ensimmäinen annos;2021-02-03;NA;NA;NA;NA
NA;2020-06-06;0;0;Koronarokotteen ensimmäinen annos;2021-02-03;NA;NA;NA;NA
NA;2020-06-07;0;0;Koronarokotteen ensimmäinen annos;2021-02-03;NA;NA;NA;NA
NA;2020-06-08;0;0;Koronarokotteen ensimmäinen annos;2021-02-03;NA;NA;NA;NA
NA;2020-06-09;0;0;Koronarokotteen ensimmäinen annos;2021-02-03;NA;NA;NA;NA
NA;2020-06-10;0;0;Koronarokotteen ensimmäinen annos;2021-02-03;NA;NA;NA;NA
NA;2020-06-11;0;0;Koronarokotteen ensimmäinen annos;2021-02-03;NA;NA;NA;NA
NA;2020-06-12;0;0;Koronarokotteen ensimmäinen annos;2021-02-03;NA;NA;NA;NA
NA;2020-06-13;0;0;Koronarokotteen ensimmäinen annos;2021-02-03;NA;NA;NA;NA
NA;2020-06-14;0;0;Koronarokotteen ensimmäinen annos;2021-02-03;NA;NA;NA;NA
NA;2020-06-15;0;0;Koronarokotteen ensimmäinen annos;2021-02-03;25;Maahantulorajoitusten avaaminen aloitettiin;2;25
NA;2020-06-16;0;0;Koronarokotteen ensimmäinen annos;2021-02-03;25;Valmiuslain mukaiset poikkeusolot päättyivät;1;25
NA;2020-06-17;0;0;Koronarokotteen ensimmäinen annos;2021-02-03;NA;NA;NA;NA
NA;2020-06-18;0;0;Koronarokotteen ensimmäinen annos;2021-02-03;NA;NA;NA;NA
NA;2020-06-19;0;0;Koronarokotteen ensimmäinen annos;2021-02-03;NA;NA;NA;NA
NA;2020-06-20;0;0;Koronarokotteen ensimmäinen annos;2021-02-03;NA;NA;NA;NA
NA;2020-06-21;0;0;Koronarokotteen ensimmäinen annos;2021-02-03;NA;NA;NA;NA
NA;2020-06-22;0;0;Koronarokotteen ensimmäinen annos;2021-02-03;NA;NA;NA;NA
NA;2020-06-23;0;0;Koronarokotteen ensimmäinen annos;2021-02-03;NA;NA;NA;NA
NA;2020-06-24;0;0;Koronarokotteen ensimmäinen annos;2021-02-03;NA;NA;NA;NA
NA;2020-06-25;0;0;Koronarokotteen ensimmäinen annos;2021-02-03;NA;NA;NA;NA
NA;2020-06-26;0;0;Koronarokotteen ensimmäinen annos;2021-02-03;NA;NA;NA;NA
NA;2020-06-27;0;0;Koronarokotteen ensimmäinen annos;2021-02-03;NA;NA;NA;NA
NA;2020-06-28;0;0;Koronarokotteen ensimmäinen annos;2021-02-03;NA;NA;NA;NA
NA;2020-06-29;0;0;Koronarokotteen ensimmäinen annos;2021-02-03;NA;NA;NA;NA
NA;2020-06-30;0;0;Koronarokotteen ensimmäinen annos;2021-02-03;NA;NA;NA;NA
NA;2020-07-01;0;0;Koronarokotteen ensimmäinen annos;2021-02-03;NA;NA;NA;NA
NA;2020-07-02;0;0;Koronarokotteen ensimmäinen annos;2021-02-03;NA;NA;NA;NA
NA;2020-07-03;0;0;Koronarokotteen ensimmäinen annos;2021-02-03;NA;NA;NA;NA
NA;2020-07-04;0;0;Koronarokotteen ensimmäinen annos;2021-02-03;NA;NA;NA;NA
NA;2020-07-05;0;0;Koronarokotteen ensimmäinen annos;2021-02-03;NA;NA;NA;NA
NA;2020-07-06;0;0;Koronarokotteen ensimmäinen annos;2021-02-03;NA;NA;NA;NA
NA;2020-07-07;0;0;Koronarokotteen ensimmäinen annos;2021-02-03;NA;NA;NA;NA
NA;2020-07-08;0;0;Koronarokotteen ensimmäinen annos;2021-02-03;NA;NA;NA;NA
NA;2020-07-09;0;0;Koronarokotteen ensimmäinen annos;2021-02-03;NA;NA;NA;NA
NA;2020-07-10;0;0;Koronarokotteen ensimmäinen annos;2021-02-03;NA;NA;NA;NA
NA;2020-07-11;0;0;Koronarokotteen ensimmäinen annos;2021-02-03;NA;NA;NA;NA
NA;2020-07-12;0;0;Koronarokotteen ensimmäinen annos;2021-02-03;NA;NA;NA;NA
NA;2020-07-13;0;0;Koronarokotteen ensimmäinen annos;2021-02-03;NA;NA;NA;NA
NA;2020-07-14;0;0;Koronarokotteen ensimmäinen annos;2021-02-03;NA;NA;NA;NA
NA;2020-07-15;0;0;Koronarokotteen ensimmäinen annos;2021-02-03;NA;NA;NA;NA
NA;2020-07-16;0;0;Koronarokotteen ensimmäinen annos;2021-02-03;NA;NA;NA;NA
NA;2020-07-17;0;0;Koronarokotteen ensimmäinen annos;2021-02-03;NA;NA;NA;NA
NA;2020-07-18;0;0;Koronarokotteen ensimmäinen annos;2021-02-03;NA;NA;NA;NA
NA;2020-07-19;0;0;Koronarokotteen ensimmäinen annos;2021-02-03;NA;NA;NA;NA
NA;2020-07-20;0;0;Koronarokotteen ensimmäinen annos;2021-02-03;NA;NA;NA;NA
NA;2020-07-21;0;0;Koronarokotteen ensimmäinen annos;2021-02-03;NA;NA;NA;NA
NA;2020-07-22;0;0;Koronarokotteen ensimmäinen annos;2021-02-03;NA;NA;NA;NA
NA;2020-07-23;0;0;Koronarokotteen ensimmäinen annos;2021-02-03;NA;NA;NA;NA
NA;2020-07-24;0;0;Koronarokotteen ensimmäinen annos;2021-02-03;NA;NA;NA;NA
NA;2020-07-25;0;0;Koronarokotteen ensimmäinen annos;2021-02-03;NA;NA;NA;NA
NA;2020-07-26;0;0;Koronarokotteen ensimmäinen annos;2021-02-03;NA;NA;NA;NA
NA;2020-07-27;0;0;Koronarokotteen ensimmäinen annos;2021-02-03;NA;NA;NA;NA
NA;2020-07-28;0;0;Koronarokotteen ensimmäinen annos;2021-02-03;NA;NA;NA;NA
NA;2020-07-29;0;0;Koronarokotteen ensimmäinen annos;2021-02-03;NA;NA;NA;NA
NA;2020-07-30;0;0;Koronarokotteen ensimmäinen annos;2021-02-03;NA;NA;NA;NA
NA;2020-07-31;0;0;Koronarokotteen ensimmäinen annos;2021-02-03;NA;NA;NA;NA
NA;2020-08-01;0;0;Koronarokotteen ensimmäinen annos;2021-02-03;31;Yleisötilaisuuksien rajoituksiin lievennys;8;31
NA;2020-08-02;0;0;Koronarokotteen ensimmäinen annos;2021-02-03;NA;NA;NA;NA
NA;2020-08-03;0;0;Koronarokotteen ensimmäinen annos;2021-02-03;NA;NA;NA;NA
NA;2020-08-04;0;0;Koronarokotteen ensimmäinen annos;2021-02-03;NA;NA;NA;NA
NA;2020-08-05;0;0;Koronarokotteen ensimmäinen annos;2021-02-03;NA;NA;NA;NA
NA;2020-08-06;0;0;Koronarokotteen ensimmäinen annos;2021-02-03;NA;NA;NA;NA
NA;2020-08-07;0;0;Koronarokotteen ensimmäinen annos;2021-02-03;NA;NA;NA;NA
NA;2020-08-08;0;0;Koronarokotteen ensimmäinen annos;2021-02-03;NA;NA;NA;NA
NA;2020-08-09;0;0;Koronarokotteen ensimmäinen annos;2021-02-03;NA;NA;NA;NA
NA;2020-08-10;0;0;Koronarokotteen ensimmäinen annos;2021-02-03;NA;NA;NA;NA
NA;2020-08-11;0;0;Koronarokotteen ensimmäinen annos;2021-02-03;NA;NA;NA;NA
NA;2020-08-12;0;0;Koronarokotteen ensimmäinen annos;2021-02-03;NA;NA;NA;NA
NA;2020-08-13;0;0;Koronarokotteen ensimmäinen annos;2021-02-03;33;"Suositus kasvomaskien käytöstä 
tietyissä tilanteissa";12;33
NA;2020-08-14;0;0;Koronarokotteen ensimmäinen annos;2021-02-03;NA;NA;NA;NA
NA;2020-08-15;0;0;Koronarokotteen ensimmäinen annos;2021-02-03;NA;NA;NA;NA
NA;2020-08-16;0;0;Koronarokotteen ensimmäinen annos;2021-02-03;NA;NA;NA;NA
NA;2020-08-17;0;0;Koronarokotteen ensimmäinen annos;2021-02-03;NA;NA;NA;NA
NA;2020-08-18;0;0;Koronarokotteen ensimmäinen annos;2021-02-03;NA;NA;NA;NA
NA;2020-08-19;0;0;Koronarokotteen ensimmäinen annos;2021-02-03;NA;NA;NA;NA
NA;2020-08-20;0;0;Koronarokotteen ensimmäinen annos;2021-02-03;NA;NA;NA;NA
NA;2020-08-21;0;0;Koronarokotteen ensimmäinen annos;2021-02-03;NA;NA;NA;NA
NA;2020-08-22;0;0;Koronarokotteen ensimmäinen annos;2021-02-03;NA;NA;NA;NA
NA;2020-08-23;0;0;Koronarokotteen ensimmäinen annos;2021-02-03;NA;NA;NA;NA
NA;2020-08-24;0;0;Koronarokotteen ensimmäinen annos;2021-02-03;NA;NA;NA;NA
NA;2020-08-25;0;0;Koronarokotteen ensimmäinen annos;2021-02-03;NA;NA;NA;NA
NA;2020-08-26;0;0;Koronarokotteen ensimmäinen annos;2021-02-03;NA;NA;NA;NA
NA;2020-08-27;0;0;Koronarokotteen ensimmäinen annos;2021-02-03;NA;NA;NA;NA
NA;2020-08-28;0;0;Koronarokotteen ensimmäinen annos;2021-02-03;NA;NA;NA;NA
NA;2020-08-29;0;0;Koronarokotteen ensimmäinen annos;2021-02-03;NA;NA;NA;NA
NA;2020-08-30;0;0;Koronarokotteen ensimmäinen annos;2021-02-03;NA;NA;NA;NA
NA;2020-08-31;0;0;Koronarokotteen ensimmäinen annos;2021-02-03;14;Koronavilkku julkaistiin;10;14
NA;2020-09-01;0;0;Koronarokotteen ensimmäinen annos;2021-02-03;NA;NA;NA;NA
NA;2020-09-02;0;0;Koronarokotteen ensimmäinen annos;2021-02-03;NA;NA;NA;NA
NA;2020-09-03;0;0;Koronarokotteen ensimmäinen annos;2021-02-03;NA;NA;NA;NA
NA;2020-09-04;0;0;Koronarokotteen ensimmäinen annos;2021-02-03;NA;NA;NA;NA
NA;2020-09-05;0;0;Koronarokotteen ensimmäinen annos;2021-02-03;NA;NA;NA;NA
NA;2020-09-06;0;0;Koronarokotteen ensimmäinen annos;2021-02-03;NA;NA;NA;NA
NA;2020-09-07;0;0;Koronarokotteen ensimmäinen annos;2021-02-03;37;"Jako perus-, leviämis- ja 
kiihtymisvaiheisiin alueittain";9;37
NA;2020-09-08;0;0;Koronarokotteen ensimmäinen annos;2021-02-03;NA;NA;NA;NA
NA;2020-09-09;0;0;Koronarokotteen ensimmäinen annos;2021-02-03;NA;NA;NA;NA
NA;2020-09-10;0;0;Koronarokotteen ensimmäinen annos;2021-02-03;NA;NA;NA;NA
NA;2020-09-11;0;0;Koronarokotteen ensimmäinen annos;2021-02-03;NA;NA;NA;NA
NA;2020-09-12;0;0;Koronarokotteen ensimmäinen annos;2021-02-03;NA;NA;NA;NA
NA;2020-09-13;0;0;Koronarokotteen ensimmäinen annos;2021-02-03;NA;NA;NA;NA
NA;2020-09-14;0;0;Koronarokotteen ensimmäinen annos;2021-02-03;NA;NA;NA;NA
NA;2020-09-15;0;0;Koronarokotteen ensimmäinen annos;2021-02-03;NA;NA;NA;NA
NA;2020-09-16;0;0;Koronarokotteen ensimmäinen annos;2021-02-03;NA;NA;NA;NA
NA;2020-09-17;0;0;Koronarokotteen ensimmäinen annos;2021-02-03;NA;NA;NA;NA
NA;2020-09-18;0;0;Koronarokotteen ensimmäinen annos;2021-02-03;NA;NA;NA;NA
NA;2020-09-19;0;0;Koronarokotteen ensimmäinen annos;2021-02-03;NA;NA;NA;NA
NA;2020-09-20;0;0;Koronarokotteen ensimmäinen annos;2021-02-03;NA;NA;NA;NA
NA;2020-09-21;0;0;Koronarokotteen ensimmäinen annos;2021-02-03;NA;NA;NA;NA
NA;2020-09-22;0;0;Koronarokotteen ensimmäinen annos;2021-02-03;NA;NA;NA;NA
NA;2020-09-23;0;0;Koronarokotteen ensimmäinen annos;2021-02-03;NA;NA;NA;NA
NA;2020-09-24;0;0;Koronarokotteen ensimmäinen annos;2021-02-03;NA;NA;NA;NA
NA;2020-09-25;0;0;Koronarokotteen ensimmäinen annos;2021-02-03;NA;NA;NA;NA
NA;2020-09-26;0;0;Koronarokotteen ensimmäinen annos;2021-02-03;NA;NA;NA;NA
NA;2020-09-27;0;0;Koronarokotteen ensimmäinen annos;2021-02-03;NA;NA;NA;NA
NA;2020-09-28;0;0;Koronarokotteen ensimmäinen annos;2021-02-03;NA;NA;NA;NA
NA;2020-09-29;0;0;Koronarokotteen ensimmäinen annos;2021-02-03;NA;NA;NA;NA
NA;2020-09-30;0;0;Koronarokotteen ensimmäinen annos;2021-02-03;NA;NA;NA;NA
NA;2020-10-01;0;0;Koronarokotteen ensimmäinen annos;2021-02-03;NA;NA;NA;NA
NA;2020-10-02;0;0;Koronarokotteen ensimmäinen annos;2021-02-03;NA;NA;NA;NA
NA;2020-10-03;0;0;Koronarokotteen ensimmäinen annos;2021-02-03;NA;NA;NA;NA
NA;2020-10-04;0;0;Koronarokotteen ensimmäinen annos;2021-02-03;NA;NA;NA;NA
NA;2020-10-05;0;0;Koronarokotteen ensimmäinen annos;2021-02-03;NA;NA;NA;NA
NA;2020-10-06;0;0;Koronarokotteen ensimmäinen annos;2021-02-03;NA;NA;NA;NA
NA;2020-10-07;0;0;Koronarokotteen ensimmäinen annos;2021-02-03;NA;NA;NA;NA
NA;2020-10-08;0;0;Koronarokotteen ensimmäinen annos;2021-02-03;NA;NA;NA;NA
NA;2020-10-09;0;0;Koronarokotteen ensimmäinen annos;2021-02-03;NA;NA;NA;NA
NA;2020-10-10;0;0;Koronarokotteen ensimmäinen annos;2021-02-03;NA;NA;NA;NA
NA;2020-10-11;0;0;Koronarokotteen ensimmäinen annos;2021-02-03;NA;NA;NA;NA
NA;2020-10-12;0;0;Koronarokotteen ensimmäinen annos;2021-02-03;NA;NA;NA;NA
NA;2020-10-13;0;0;Koronarokotteen ensimmäinen annos;2021-02-03;NA;NA;NA;NA
NA;2020-10-14;0;0;Koronarokotteen ensimmäinen annos;2021-02-03;NA;NA;NA;NA
NA;2020-10-15;0;0;Koronarokotteen ensimmäinen annos;2021-02-03;NA;NA;NA;NA
NA;2020-10-16;0;0;Koronarokotteen ensimmäinen annos;2021-02-03;NA;NA;NA;NA
NA;2020-10-17;0;0;Koronarokotteen ensimmäinen annos;2021-02-03;NA;NA;NA;NA
NA;2020-10-18;0;0;Koronarokotteen ensimmäinen annos;2021-02-03;NA;NA;NA;NA
NA;2020-10-19;0;0;Koronarokotteen ensimmäinen annos;2021-02-03;NA;NA;NA;NA
NA;2020-10-20;0;0;Koronarokotteen ensimmäinen annos;2021-02-03;NA;NA;NA;NA
NA;2020-10-21;0;0;Koronarokotteen ensimmäinen annos;2021-02-03;NA;NA;NA;NA
NA;2020-10-22;0;0;Koronarokotteen ensimmäinen annos;2021-02-03;NA;NA;NA;NA
NA;2020-10-23;0;0;Koronarokotteen ensimmäinen annos;2021-02-03;43;Toimenpidesuositukset eri vaiheisiin;9;43
NA;2020-10-24;0;0;Koronarokotteen ensimmäinen annos;2021-02-03;NA;NA;NA;NA
NA;2020-10-25;0;0;Koronarokotteen ensimmäinen annos;2021-02-03;NA;NA;NA;NA
NA;2020-10-26;0;0;Koronarokotteen ensimmäinen annos;2021-02-03;NA;NA;NA;NA
NA;2020-10-27;0;0;Koronarokotteen ensimmäinen annos;2021-02-03;NA;NA;NA;NA
NA;2020-10-28;0;0;Koronarokotteen ensimmäinen annos;2021-02-03;NA;NA;NA;NA
NA;2020-10-29;0;0;Koronarokotteen ensimmäinen annos;2021-02-03;NA;NA;NA;NA
NA;2020-10-30;0;0;Koronarokotteen ensimmäinen annos;2021-02-03;NA;NA;NA;NA
NA;2020-10-31;0;0;Koronarokotteen ensimmäinen annos;2021-02-03;NA;NA;NA;NA
NA;2020-11-01;0;0;Koronarokotteen ensimmäinen annos;2021-02-03;NA;NA;NA;NA
NA;2020-11-02;0;0;Koronarokotteen ensimmäinen annos;2021-02-03;NA;NA;NA;NA
NA;2020-11-03;0;0;Koronarokotteen ensimmäinen annos;2021-02-03;NA;NA;NA;NA
NA;2020-11-04;0;0;Koronarokotteen ensimmäinen annos;2021-02-03;NA;NA;NA;NA
NA;2020-11-05;0;0;Koronarokotteen ensimmäinen annos;2021-02-03;NA;NA;NA;NA
NA;2020-11-06;0;0;Koronarokotteen ensimmäinen annos;2021-02-03;NA;NA;NA;NA
NA;2020-11-07;0;0;Koronarokotteen ensimmäinen annos;2021-02-03;NA;NA;NA;NA
NA;2020-11-08;0;0;Koronarokotteen ensimmäinen annos;2021-02-03;NA;NA;NA;NA
NA;2020-11-09;0;0;Koronarokotteen ensimmäinen annos;2021-02-03;NA;NA;NA;NA
NA;2020-11-10;0;0;Koronarokotteen ensimmäinen annos;2021-02-03;NA;NA;NA;NA
NA;2020-11-11;0;0;Koronarokotteen ensimmäinen annos;2021-02-03;NA;NA;NA;NA
NA;2020-11-12;0;0;Koronarokotteen ensimmäinen annos;2021-02-03;NA;NA;NA;NA
NA;2020-11-13;0;0;Koronarokotteen ensimmäinen annos;2021-02-03;NA;NA;NA;NA
NA;2020-11-14;0;0;Koronarokotteen ensimmäinen annos;2021-02-03;NA;NA;NA;NA
NA;2020-11-15;0;0;Koronarokotteen ensimmäinen annos;2021-02-03;NA;NA;NA;NA
NA;2020-11-16;0;0;Koronarokotteen ensimmäinen annos;2021-02-03;NA;NA;NA;NA
NA;2020-11-17;0;0;Koronarokotteen ensimmäinen annos;2021-02-03;NA;NA;NA;NA
NA;2020-11-18;0;0;Koronarokotteen ensimmäinen annos;2021-02-03;NA;NA;NA;NA
NA;2020-11-19;0;0;Koronarokotteen ensimmäinen annos;2021-02-03;NA;NA;NA;NA
NA;2020-11-20;0;0;Koronarokotteen ensimmäinen annos;2021-02-03;NA;NA;NA;NA
NA;2020-11-21;0;0;Koronarokotteen ensimmäinen annos;2021-02-03;NA;NA;NA;NA
NA;2020-11-22;0;0;Koronarokotteen ensimmäinen annos;2021-02-03;NA;NA;NA;NA
NA;2020-11-23;0;0;Koronarokotteen ensimmäinen annos;2021-02-03;NA;NA;NA;NA
NA;2020-11-24;0;0;Koronarokotteen ensimmäinen annos;2021-02-03;NA;NA;NA;NA
NA;2020-11-25;0;0;Koronarokotteen ensimmäinen annos;2021-02-03;NA;NA;NA;NA
NA;2020-11-26;0;0;Koronarokotteen ensimmäinen annos;2021-02-03;NA;NA;NA;NA
NA;2020-11-27;0;0;Koronarokotteen ensimmäinen annos;2021-02-03;NA;NA;NA;NA
NA;2020-11-28;0;0;Koronarokotteen ensimmäinen annos;2021-02-03;NA;NA;NA;NA
NA;2020-11-29;0;0;Koronarokotteen ensimmäinen annos;2021-02-03;NA;NA;NA;NA
NA;2020-11-30;0;0;Koronarokotteen ensimmäinen annos;2021-02-03;NA;NA;NA;NA
NA;2020-12-01;0;0;Koronarokotteen ensimmäinen annos;2021-02-03;NA;NA;NA;NA
NA;2020-12-02;0;0;Koronarokotteen ensimmäinen annos;2021-02-03;NA;NA;NA;NA
NA;2020-12-03;0;0;Koronarokotteen ensimmäinen annos;2021-02-03;NA;NA;NA;NA
NA;2020-12-04;0;0;Koronarokotteen ensimmäinen annos;2021-02-03;NA;NA;NA;NA
NA;2020-12-05;0;0;Koronarokotteen ensimmäinen annos;2021-02-03;NA;NA;NA;NA
NA;2020-12-06;0;0;Koronarokotteen ensimmäinen annos;2021-02-03;NA;NA;NA;NA
NA;2020-12-07;0;0;Koronarokotteen ensimmäinen annos;2021-02-03;NA;NA;NA;NA
NA;2020-12-08;0;0;Koronarokotteen ensimmäinen annos;2021-02-03;NA;NA;NA;NA
NA;2020-12-09;0;0;Koronarokotteen ensimmäinen annos;2021-02-03;NA;NA;NA;NA
NA;2020-12-10;0;0;Koronarokotteen ensimmäinen annos;2021-02-03;NA;NA;NA;NA
NA;2020-12-11;0;0;Koronarokotteen ensimmäinen annos;2021-02-03;NA;NA;NA;NA
NA;2020-12-12;0;0;Koronarokotteen ensimmäinen annos;2021-02-03;NA;NA;NA;NA
NA;2020-12-13;0;0;Koronarokotteen ensimmäinen annos;2021-02-03;NA;NA;NA;NA
NA;2020-12-14;0;0;Koronarokotteen ensimmäinen annos;2021-02-03;NA;NA;NA;NA
NA;2020-12-15;0;0;Koronarokotteen ensimmäinen annos;2021-02-03;NA;NA;NA;NA
NA;2020-12-16;0;0;Koronarokotteen ensimmäinen annos;2021-02-03;NA;NA;NA;NA
NA;2020-12-17;0;0;Koronarokotteen ensimmäinen annos;2021-02-03;NA;NA;NA;NA
NA;2020-12-18;0;0;Koronarokotteen ensimmäinen annos;2021-02-03;NA;NA;NA;NA
NA;2020-12-19;0;0;Koronarokotteen ensimmäinen annos;2021-02-03;NA;NA;NA;NA
NA;2020-12-20;0;0;Koronarokotteen ensimmäinen annos;2021-02-03;NA;NA;NA;NA
NA;2020-12-21;0;0;Koronarokotteen ensimmäinen annos;2021-02-03;NA;NA;NA;NA
NA;2020-12-22;0;0;Koronarokotteen ensimmäinen annos;2021-02-03;NA;NA;NA;NA
NA;2020-12-23;0;0;Koronarokotteen ensimmäinen annos;2021-02-03;NA;NA;NA;NA
NA;2020-12-24;0;0;Koronarokotteen ensimmäinen annos;2021-02-03;NA;NA;NA;NA
NA;2020-12-25;0;0;Koronarokotteen ensimmäinen annos;2021-02-03;NA;NA;NA;NA
NA;2020-12-26;0;0;Koronarokotteen ensimmäinen annos;2021-02-03;NA;NA;NA;NA
NA;2020-12-27;24;24;Koronarokotteen ensimmäinen annos;2021-02-03;52;Koronarokotukset aloitettiin;11;52
NA;2020-12-28;919;943;Koronarokotteen ensimmäinen annos;2021-02-03;NA;NA;NA;NA
NA;2020-12-29;1627;2570;Koronarokotteen ensimmäinen annos;2021-02-03;NA;NA;NA;NA
NA;2020-12-30;1156;3726;Koronarokotteen ensimmäinen annos;2021-02-03;NA;NA;NA;NA
NA;2020-12-31;1512;5238;Koronarokotteen ensimmäinen annos;2021-02-03;NA;NA;NA;NA
NA;2021-01-01;163;5401;Koronarokotteen ensimmäinen annos;2021-02-03;NA;NA;NA;NA
NA;2021-01-02;97;5498;Koronarokotteen ensimmäinen annos;2021-02-03;NA;NA;NA;NA
NA;2021-01-03;29;5527;Koronarokotteen ensimmäinen annos;2021-02-03;NA;NA;NA;NA
NA;2021-01-04;2721;8248;Koronarokotteen ensimmäinen annos;2021-02-03;NA;NA;NA;NA
NA;2021-01-05;3714;11962;Koronarokotteen ensimmäinen annos;2021-02-03;NA;NA;NA;NA
NA;2021-01-06;48;12010;Koronarokotteen ensimmäinen annos;2021-02-03;NA;NA;NA;NA
NA;2021-01-07;4357;16367;Koronarokotteen ensimmäinen annos;2021-02-03;NA;NA;NA;NA
NA;2021-01-08;4041;20408;Koronarokotteen ensimmäinen annos;2021-02-03;NA;NA;NA;NA
NA;2021-01-09;225;20633;Koronarokotteen ensimmäinen annos;2021-02-03;NA;NA;NA;NA
NA;2021-01-10;46;20679;Koronarokotteen ensimmäinen annos;2021-02-03;NA;NA;NA;NA
NA;2021-01-11;4199;24878;Koronarokotteen ensimmäinen annos;2021-02-03;NA;NA;NA;NA
NA;2021-01-12;8292;33170;Koronarokotteen ensimmäinen annos;2021-02-03;NA;NA;NA;NA
NA;2021-01-13;8212;41382;Koronarokotteen ensimmäinen annos;2021-02-03;NA;NA;NA;NA
NA;2021-01-14;9941;51323;Koronarokotteen ensimmäinen annos;2021-02-03;NA;NA;NA;NA
NA;2021-01-15;7436;58759;Koronarokotteen ensimmäinen annos;2021-02-03;NA;NA;NA;NA
NA;2021-01-16;630;59389;Koronarokotteen ensimmäinen annos;2021-02-03;NA;NA;NA;NA
NA;2021-01-17;266;59655;Koronarokotteen ensimmäinen annos;2021-02-03;NA;NA;NA;NA
NA;2021-01-18;6304;65959;Koronarokotteen ensimmäinen annos;2021-02-03;NA;NA;NA;NA
NA;2021-01-19;10187;76146;Koronarokotteen ensimmäinen annos;2021-02-03;NA;NA;NA;NA
NA;2021-01-20;11473;87619;Koronarokotteen ensimmäinen annos;2021-02-03;NA;NA;NA;NA
NA;2021-01-21;11848;99467;Koronarokotteen ensimmäinen annos;2021-02-03;NA;NA;NA;NA
NA;2021-01-22;8710;108177;Koronarokotteen ensimmäinen annos;2021-02-03;NA;NA;NA;NA
NA;2021-01-23;634;108811;Koronarokotteen ensimmäinen annos;2021-02-03;NA;NA;NA;NA
NA;2021-01-24;298;109109;Koronarokotteen ensimmäinen annos;2021-02-03;NA;NA;NA;NA
NA;2021-01-25;4025;113134;Koronarokotteen ensimmäinen annos;2021-02-03;NA;NA;NA;NA
NA;2021-01-26;8474;121608;Koronarokotteen ensimmäinen annos;2021-02-03;4;"Toimenpidesuositusten täydennys 
virusmuunnoksen vuoksi";9;4
NA;2021-01-27;8158;129766;Koronarokotteen ensimmäinen annos;2021-02-03;NA;NA;NA;NA
NA;2021-01-28;8932;138698;Koronarokotteen ensimmäinen annos;2021-02-03;NA;NA;NA;NA
NA;2021-01-29;6007;144705;Koronarokotteen ensimmäinen annos;2021-02-03;NA;NA;NA;NA
NA;2021-01-30;503;145208;Koronarokotteen ensimmäinen annos;2021-02-03;NA;NA;NA;NA
NA;2021-01-31;349;145557;Koronarokotteen ensimmäinen annos;2021-02-03;NA;NA;NA;NA
NA;2020-01-28;0;0;COVID-19 -kuolemantapausten lukumäärä;2021-02-03;NA;NA;NA;NA
NA;2020-01-29;0;0;COVID-19 -kuolemantapausten lukumäärä;2021-02-03;NA;NA;NA;NA
NA;2020-01-30;0;0;COVID-19 -kuolemantapausten lukumäärä;2021-02-03;NA;NA;NA;NA
NA;2020-01-31;0;0;COVID-19 -kuolemantapausten lukumäärä;2021-02-03;NA;NA;NA;NA
NA;2020-02-01;0;0;COVID-19 -kuolemantapausten lukumäärä;2021-02-03;NA;NA;NA;NA
NA;2020-02-02;0;0;COVID-19 -kuolemantapausten lukumäärä;2021-02-03;NA;NA;NA;NA
NA;2020-02-03;0;0;COVID-19 -kuolemantapausten lukumäärä;2021-02-03;NA;NA;NA;NA
NA;2020-02-04;0;0;COVID-19 -kuolemantapausten lukumäärä;2021-02-03;NA;NA;NA;NA
NA;2020-02-05;0;0;COVID-19 -kuolemantapausten lukumäärä;2021-02-03;NA;NA;NA;NA
NA;2020-02-06;0;0;COVID-19 -kuolemantapausten lukumäärä;2021-02-03;NA;NA;NA;NA
NA;2020-02-07;0;0;COVID-19 -kuolemantapausten lukumäärä;2021-02-03;NA;NA;NA;NA
NA;2020-02-08;0;0;COVID-19 -kuolemantapausten lukumäärä;2021-02-03;NA;NA;NA;NA
NA;2020-02-09;0;0;COVID-19 -kuolemantapausten lukumäärä;2021-02-03;NA;NA;NA;NA
NA;2020-02-10;0;0;COVID-19 -kuolemantapausten lukumäärä;2021-02-03;NA;NA;NA;NA
NA;2020-02-11;0;0;COVID-19 -kuolemantapausten lukumäärä;2021-02-03;NA;NA;NA;NA
NA;2020-02-12;0;0;COVID-19 -kuolemantapausten lukumäärä;2021-02-03;NA;NA;NA;NA
NA;2020-02-13;0;0;COVID-19 -kuolemantapausten lukumäärä;2021-02-03;NA;NA;NA;NA
NA;2020-02-14;0;0;COVID-19 -kuolemantapausten lukumäärä;2021-02-03;NA;NA;NA;NA
NA;2020-02-15;0;0;COVID-19 -kuolemantapausten lukumäärä;2021-02-03;NA;NA;NA;NA
NA;2020-02-16;0;0;COVID-19 -kuolemantapausten lukumäärä;2021-02-03;NA;NA;NA;NA
NA;2020-02-17;0;0;COVID-19 -kuolemantapausten lukumäärä;2021-02-03;NA;NA;NA;NA
NA;2020-02-18;0;0;COVID-19 -kuolemantapausten lukumäärä;2021-02-03;NA;NA;NA;NA
NA;2020-02-19;0;0;COVID-19 -kuolemantapausten lukumäärä;2021-02-03;NA;NA;NA;NA
NA;2020-02-20;0;0;COVID-19 -kuolemantapausten lukumäärä;2021-02-03;NA;NA;NA;NA
NA;2020-02-21;0;0;COVID-19 -kuolemantapausten lukumäärä;2021-02-03;NA;NA;NA;NA
NA;2020-02-22;0;0;COVID-19 -kuolemantapausten lukumäärä;2021-02-03;NA;NA;NA;NA
NA;2020-02-23;0;0;COVID-19 -kuolemantapausten lukumäärä;2021-02-03;NA;NA;NA;NA
NA;2020-02-24;0;0;COVID-19 -kuolemantapausten lukumäärä;2021-02-03;NA;NA;NA;NA
NA;2020-02-25;0;0;COVID-19 -kuolemantapausten lukumäärä;2021-02-03;NA;NA;NA;NA
NA;2020-02-26;0;0;COVID-19 -kuolemantapausten lukumäärä;2021-02-03;NA;NA;NA;NA
NA;2020-02-27;0;0;COVID-19 -kuolemantapausten lukumäärä;2021-02-03;NA;NA;NA;NA
NA;2020-02-28;0;0;COVID-19 -kuolemantapausten lukumäärä;2021-02-03;NA;NA;NA;NA
NA;2020-02-29;0;0;COVID-19 -kuolemantapausten lukumäärä;2021-02-03;NA;NA;NA;NA
NA;2020-03-01;0;0;COVID-19 -kuolemantapausten lukumäärä;2021-02-03;NA;NA;NA;NA
NA;2020-03-02;0;0;COVID-19 -kuolemantapausten lukumäärä;2021-02-03;NA;NA;NA;NA
NA;2020-03-03;0;0;COVID-19 -kuolemantapausten lukumäärä;2021-02-03;NA;NA;NA;NA
NA;2020-03-04;0;0;COVID-19 -kuolemantapausten lukumäärä;2021-02-03;NA;NA;NA;NA
NA;2020-03-05;0;0;COVID-19 -kuolemantapausten lukumäärä;2021-02-03;NA;NA;NA;NA
NA;2020-03-06;1;1;COVID-19 -kuolemantapausten lukumäärä;2021-02-03;NA;NA;NA;NA
NA;2020-03-07;0;1;COVID-19 -kuolemantapausten lukumäärä;2021-02-03;NA;NA;NA;NA
NA;2020-03-08;0;1;COVID-19 -kuolemantapausten lukumäärä;2021-02-03;NA;NA;NA;NA
NA;2020-03-09;0;1;COVID-19 -kuolemantapausten lukumäärä;2021-02-03;NA;NA;NA;NA
NA;2020-03-10;0;1;COVID-19 -kuolemantapausten lukumäärä;2021-02-03;NA;NA;NA;NA
NA;2020-03-11;0;1;COVID-19 -kuolemantapausten lukumäärä;2021-02-03;NA;NA;NA;NA
NA;2020-03-12;0;1;COVID-19 -kuolemantapausten lukumäärä;2021-02-03;NA;NA;NA;NA
NA;2020-03-13;1;2;COVID-19 -kuolemantapausten lukumäärä;2021-02-03;NA;NA;NA;NA
NA;2020-03-14;2;4;COVID-19 -kuolemantapausten lukumäärä;2021-02-03;NA;NA;NA;NA
NA;2020-03-15;0;4;COVID-19 -kuolemantapausten lukumäärä;2021-02-03;NA;NA;NA;NA
NA;2020-03-16;1;5;COVID-19 -kuolemantapausten lukumäärä;2021-02-03;12;Valmiuslaki voimaan;1;12
NA;2020-03-17;2;7;COVID-19 -kuolemantapausten lukumäärä;2021-02-03;NA;NA;NA;NA
NA;2020-03-18;0;7;COVID-19 -kuolemantapausten lukumäärä;2021-02-03;NA;NA;NA;NA
NA;2020-03-19;1;8;COVID-19 -kuolemantapausten lukumäärä;2021-02-03;12;Maahantulorajoitukset Suomen ulkorajoille;2;12
NA;2020-03-20;1;9;COVID-19 -kuolemantapausten lukumäärä;2021-02-03;NA;NA;NA;NA
NA;2020-03-21;2;11;COVID-19 -kuolemantapausten lukumäärä;2021-02-03;NA;NA;NA;NA
NA;2020-03-22;1;12;COVID-19 -kuolemantapausten lukumäärä;2021-02-03;NA;NA;NA;NA
NA;2020-03-23;4;16;COVID-19 -kuolemantapausten lukumäärä;2021-02-03;NA;NA;NA;NA
NA;2020-03-24;1;17;COVID-19 -kuolemantapausten lukumäärä;2021-02-03;NA;NA;NA;NA
NA;2020-03-25;5;22;COVID-19 -kuolemantapausten lukumäärä;2021-02-03;NA;NA;NA;NA
NA;2020-03-26;4;26;COVID-19 -kuolemantapausten lukumäärä;2021-02-03;NA;NA;NA;NA
NA;2020-03-27;2;28;COVID-19 -kuolemantapausten lukumäärä;2021-02-03;NA;NA;NA;NA
NA;2020-03-28;4;32;COVID-19 -kuolemantapausten lukumäärä;2021-02-03;13;Uudenmaan sulku alkaa;3;13
NA;2020-03-29;10;42;COVID-19 -kuolemantapausten lukumäärä;2021-02-03;NA;NA;NA;NA
NA;2020-03-30;10;52;COVID-19 -kuolemantapausten lukumäärä;2021-02-03;NA;NA;NA;NA
NA;2020-03-31;7;59;COVID-19 -kuolemantapausten lukumäärä;2021-02-03;NA;NA;NA;NA
NA;2020-04-01;4;63;COVID-19 -kuolemantapausten lukumäärä;2021-02-03;NA;NA;NA;NA
NA;2020-04-02;7;70;COVID-19 -kuolemantapausten lukumäärä;2021-02-03;NA;NA;NA;NA
NA;2020-04-03;10;80;COVID-19 -kuolemantapausten lukumäärä;2021-02-03;NA;NA;NA;NA
NA;2020-04-04;7;87;COVID-19 -kuolemantapausten lukumäärä;2021-02-03;NA;NA;NA;NA
NA;2020-04-05;4;91;COVID-19 -kuolemantapausten lukumäärä;2021-02-03;NA;NA;NA;NA
NA;2020-04-06;10;101;COVID-19 -kuolemantapausten lukumäärä;2021-02-03;NA;NA;NA;NA
NA;2020-04-07;18;119;COVID-19 -kuolemantapausten lukumäärä;2021-02-03;NA;NA;NA;NA
NA;2020-04-08;8;127;COVID-19 -kuolemantapausten lukumäärä;2021-02-03;15;"Laki yrittäjien työttömyysturvaoikeuden 
väliaikaisesta järjestämisestä voimaan";4;15
NA;2020-04-09;11;138;COVID-19 -kuolemantapausten lukumäärä;2021-02-03;NA;NA;NA;NA
NA;2020-04-10;3;141;COVID-19 -kuolemantapausten lukumäärä;2021-02-03;NA;NA;NA;NA
NA;2020-04-11;3;144;COVID-19 -kuolemantapausten lukumäärä;2021-02-03;NA;NA;NA;NA
NA;2020-04-12;11;155;COVID-19 -kuolemantapausten lukumäärä;2021-02-03;NA;NA;NA;NA
NA;2020-04-13;14;169;COVID-19 -kuolemantapausten lukumäärä;2021-02-03;NA;NA;NA;NA
NA;2020-04-14;10;179;COVID-19 -kuolemantapausten lukumäärä;2021-02-03;NA;NA;NA;NA
NA;2020-04-15;14;193;COVID-19 -kuolemantapausten lukumäärä;2021-02-03;16;Uudenmaan sulku päättyy;3;16
NA;2020-04-16;12;205;COVID-19 -kuolemantapausten lukumäärä;2021-02-03;NA;NA;NA;NA
NA;2020-04-17;10;215;COVID-19 -kuolemantapausten lukumäärä;2021-02-03;NA;NA;NA;NA
NA;2020-04-18;0;215;COVID-19 -kuolemantapausten lukumäärä;2021-02-03;NA;NA;NA;NA
NA;2020-04-19;6;221;COVID-19 -kuolemantapausten lukumäärä;2021-02-03;NA;NA;NA;NA
NA;2020-04-20;19;240;COVID-19 -kuolemantapausten lukumäärä;2021-02-03;NA;NA;NA;NA
NA;2020-04-21;4;244;COVID-19 -kuolemantapausten lukumäärä;2021-02-03;NA;NA;NA;NA
NA;2020-04-22;8;252;COVID-19 -kuolemantapausten lukumäärä;2021-02-03;NA;NA;NA;NA
NA;2020-04-23;0;252;COVID-19 -kuolemantapausten lukumäärä;2021-02-03;NA;NA;NA;NA
NA;2020-04-24;3;255;COVID-19 -kuolemantapausten lukumäärä;2021-02-03;NA;NA;NA;NA
NA;2020-04-25;6;261;COVID-19 -kuolemantapausten lukumäärä;2021-02-03;NA;NA;NA;NA
NA;2020-04-26;5;266;COVID-19 -kuolemantapausten lukumäärä;2021-02-03;NA;NA;NA;NA
NA;2020-04-27;1;267;COVID-19 -kuolemantapausten lukumäärä;2021-02-03;NA;NA;NA;NA
NA;2020-04-28;2;269;COVID-19 -kuolemantapausten lukumäärä;2021-02-03;NA;NA;NA;NA
NA;2020-04-29;1;270;COVID-19 -kuolemantapausten lukumäärä;2021-02-03;NA;NA;NA;NA
NA;2020-04-30;4;274;COVID-19 -kuolemantapausten lukumäärä;2021-02-03;NA;NA;NA;NA
NA;2020-05-01;2;276;COVID-19 -kuolemantapausten lukumäärä;2021-02-03;18;"Laki koronavirusepidemian vuoksi palkatta 
työstä poissa olevalle maksettavasta 
väliaikaisesta tuesta voimaan";5;18
NA;2020-05-02;4;280;COVID-19 -kuolemantapausten lukumäärä;2021-02-03;NA;NA;NA;NA
NA;2020-05-03;3;283;COVID-19 -kuolemantapausten lukumäärä;2021-02-03;NA;NA;NA;NA
NA;2020-05-04;8;291;COVID-19 -kuolemantapausten lukumäärä;2021-02-03;NA;NA;NA;NA
NA;2020-05-05;4;295;COVID-19 -kuolemantapausten lukumäärä;2021-02-03;NA;NA;NA;NA
NA;2020-05-06;3;298;COVID-19 -kuolemantapausten lukumäärä;2021-02-03;NA;NA;NA;NA
NA;2020-05-07;8;306;COVID-19 -kuolemantapausten lukumäärä;2021-02-03;NA;NA;NA;NA
NA;2020-05-08;1;307;COVID-19 -kuolemantapausten lukumäärä;2021-02-03;NA;NA;NA;NA
NA;2020-05-09;3;310;COVID-19 -kuolemantapausten lukumäärä;2021-02-03;NA;NA;NA;NA
NA;2020-05-10;0;310;COVID-19 -kuolemantapausten lukumäärä;2021-02-03;NA;NA;NA;NA
NA;2020-05-11;1;311;COVID-19 -kuolemantapausten lukumäärä;2021-02-03;NA;NA;NA;NA
NA;2020-05-12;2;313;COVID-19 -kuolemantapausten lukumäärä;2021-02-03;NA;NA;NA;NA
NA;2020-05-13;2;315;COVID-19 -kuolemantapausten lukumäärä;2021-02-03;NA;NA;NA;NA
NA;2020-05-14;0;315;COVID-19 -kuolemantapausten lukumäärä;2021-02-03;20;Perusopetuksessa palattiin lähiopetukseen;6;20
NA;2020-05-15;1;316;COVID-19 -kuolemantapausten lukumäärä;2021-02-03;NA;NA;NA;NA
NA;2020-05-16;2;318;COVID-19 -kuolemantapausten lukumäärä;2021-02-03;NA;NA;NA;NA
NA;2020-05-17;0;318;COVID-19 -kuolemantapausten lukumäärä;2021-02-03;NA;NA;NA;NA
NA;2020-05-18;2;320;COVID-19 -kuolemantapausten lukumäärä;2021-02-03;NA;NA;NA;NA
NA;2020-05-19;0;320;COVID-19 -kuolemantapausten lukumäärä;2021-02-03;NA;NA;NA;NA
NA;2020-05-20;1;321;COVID-19 -kuolemantapausten lukumäärä;2021-02-03;NA;NA;NA;NA
NA;2020-05-21;0;321;COVID-19 -kuolemantapausten lukumäärä;2021-02-03;NA;NA;NA;NA
NA;2020-05-22;1;322;COVID-19 -kuolemantapausten lukumäärä;2021-02-03;NA;NA;NA;NA
NA;2020-05-23;0;322;COVID-19 -kuolemantapausten lukumäärä;2021-02-03;NA;NA;NA;NA
NA;2020-05-24;1;323;COVID-19 -kuolemantapausten lukumäärä;2021-02-03;NA;NA;NA;NA
NA;2020-05-25;1;324;COVID-19 -kuolemantapausten lukumäärä;2021-02-03;NA;NA;NA;NA
NA;2020-05-26;0;324;COVID-19 -kuolemantapausten lukumäärä;2021-02-03;NA;NA;NA;NA
NA;2020-05-27;0;324;COVID-19 -kuolemantapausten lukumäärä;2021-02-03;NA;NA;NA;NA
NA;2020-05-28;0;324;COVID-19 -kuolemantapausten lukumäärä;2021-02-03;NA;NA;NA;NA
NA;2020-05-29;1;325;COVID-19 -kuolemantapausten lukumäärä;2021-02-03;NA;NA;NA;NA
NA;2020-05-30;0;325;COVID-19 -kuolemantapausten lukumäärä;2021-02-03;NA;NA;NA;NA
NA;2020-05-31;0;325;COVID-19 -kuolemantapausten lukumäärä;2021-02-03;NA;NA;NA;NA
NA;2020-06-01;0;325;COVID-19 -kuolemantapausten lukumäärä;2021-02-03;23;Monia rajoituksia purettiin;7;23
NA;2020-06-02;0;325;COVID-19 -kuolemantapausten lukumäärä;2021-02-03;NA;NA;NA;NA
NA;2020-06-03;0;325;COVID-19 -kuolemantapausten lukumäärä;2021-02-03;NA;NA;NA;NA
NA;2020-06-04;0;325;COVID-19 -kuolemantapausten lukumäärä;2021-02-03;NA;NA;NA;NA
NA;2020-06-05;0;325;COVID-19 -kuolemantapausten lukumäärä;2021-02-03;NA;NA;NA;NA
NA;2020-06-06;1;326;COVID-19 -kuolemantapausten lukumäärä;2021-02-03;NA;NA;NA;NA
NA;2020-06-07;0;326;COVID-19 -kuolemantapausten lukumäärä;2021-02-03;NA;NA;NA;NA
NA;2020-06-08;0;326;COVID-19 -kuolemantapausten lukumäärä;2021-02-03;NA;NA;NA;NA
NA;2020-06-09;0;326;COVID-19 -kuolemantapausten lukumäärä;2021-02-03;NA;NA;NA;NA
NA;2020-06-10;0;326;COVID-19 -kuolemantapausten lukumäärä;2021-02-03;NA;NA;NA;NA
NA;2020-06-11;0;326;COVID-19 -kuolemantapausten lukumäärä;2021-02-03;NA;NA;NA;NA
NA;2020-06-12;0;326;COVID-19 -kuolemantapausten lukumäärä;2021-02-03;NA;NA;NA;NA
NA;2020-06-13;0;326;COVID-19 -kuolemantapausten lukumäärä;2021-02-03;NA;NA;NA;NA
NA;2020-06-14;0;326;COVID-19 -kuolemantapausten lukumäärä;2021-02-03;NA;NA;NA;NA
NA;2020-06-15;0;326;COVID-19 -kuolemantapausten lukumäärä;2021-02-03;25;Maahantulorajoitusten avaaminen aloitettiin;2;25
NA;2020-06-16;0;326;COVID-19 -kuolemantapausten lukumäärä;2021-02-03;25;Valmiuslain mukaiset poikkeusolot päättyivät;1;25
NA;2020-06-17;0;326;COVID-19 -kuolemantapausten lukumäärä;2021-02-03;NA;NA;NA;NA
NA;2020-06-18;0;326;COVID-19 -kuolemantapausten lukumäärä;2021-02-03;NA;NA;NA;NA
NA;2020-06-19;0;326;COVID-19 -kuolemantapausten lukumäärä;2021-02-03;NA;NA;NA;NA
NA;2020-06-20;1;327;COVID-19 -kuolemantapausten lukumäärä;2021-02-03;NA;NA;NA;NA
NA;2020-06-21;1;328;COVID-19 -kuolemantapausten lukumäärä;2021-02-03;NA;NA;NA;NA
NA;2020-06-22;0;328;COVID-19 -kuolemantapausten lukumäärä;2021-02-03;NA;NA;NA;NA
NA;2020-06-23;0;328;COVID-19 -kuolemantapausten lukumäärä;2021-02-03;NA;NA;NA;NA
NA;2020-06-24;1;329;COVID-19 -kuolemantapausten lukumäärä;2021-02-03;NA;NA;NA;NA
NA;2020-06-25;0;329;COVID-19 -kuolemantapausten lukumäärä;2021-02-03;NA;NA;NA;NA
NA;2020-06-26;0;329;COVID-19 -kuolemantapausten lukumäärä;2021-02-03;NA;NA;NA;NA
NA;2020-06-27;0;329;COVID-19 -kuolemantapausten lukumäärä;2021-02-03;NA;NA;NA;NA
NA;2020-06-28;0;329;COVID-19 -kuolemantapausten lukumäärä;2021-02-03;NA;NA;NA;NA
NA;2020-06-29;1;330;COVID-19 -kuolemantapausten lukumäärä;2021-02-03;NA;NA;NA;NA
NA;2020-06-30;0;330;COVID-19 -kuolemantapausten lukumäärä;2021-02-03;NA;NA;NA;NA
NA;2020-07-01;0;330;COVID-19 -kuolemantapausten lukumäärä;2021-02-03;NA;NA;NA;NA
NA;2020-07-02;0;330;COVID-19 -kuolemantapausten lukumäärä;2021-02-03;NA;NA;NA;NA
NA;2020-07-03;0;330;COVID-19 -kuolemantapausten lukumäärä;2021-02-03;NA;NA;NA;NA
NA;2020-07-04;0;330;COVID-19 -kuolemantapausten lukumäärä;2021-02-03;NA;NA;NA;NA
NA;2020-07-05;0;330;COVID-19 -kuolemantapausten lukumäärä;2021-02-03;NA;NA;NA;NA
NA;2020-07-06;0;330;COVID-19 -kuolemantapausten lukumäärä;2021-02-03;NA;NA;NA;NA
NA;2020-07-07;0;330;COVID-19 -kuolemantapausten lukumäärä;2021-02-03;NA;NA;NA;NA
NA;2020-07-08;0;330;COVID-19 -kuolemantapausten lukumäärä;2021-02-03;NA;NA;NA;NA
NA;2020-07-09;0;330;COVID-19 -kuolemantapausten lukumäärä;2021-02-03;NA;NA;NA;NA
NA;2020-07-10;0;330;COVID-19 -kuolemantapausten lukumäärä;2021-02-03;NA;NA;NA;NA
NA;2020-07-11;0;330;COVID-19 -kuolemantapausten lukumäärä;2021-02-03;NA;NA;NA;NA
NA;2020-07-12;0;330;COVID-19 -kuolemantapausten lukumäärä;2021-02-03;NA;NA;NA;NA
NA;2020-07-13;0;330;COVID-19 -kuolemantapausten lukumäärä;2021-02-03;NA;NA;NA;NA
NA;2020-07-14;0;330;COVID-19 -kuolemantapausten lukumäärä;2021-02-03;NA;NA;NA;NA
NA;2020-07-15;0;330;COVID-19 -kuolemantapausten lukumäärä;2021-02-03;NA;NA;NA;NA
NA;2020-07-16;0;330;COVID-19 -kuolemantapausten lukumäärä;2021-02-03;NA;NA;NA;NA
NA;2020-07-17;0;330;COVID-19 -kuolemantapausten lukumäärä;2021-02-03;NA;NA;NA;NA
NA;2020-07-18;0;330;COVID-19 -kuolemantapausten lukumäärä;2021-02-03;NA;NA;NA;NA
NA;2020-07-19;0;330;COVID-19 -kuolemantapausten lukumäärä;2021-02-03;NA;NA;NA;NA
NA;2020-07-20;1;331;COVID-19 -kuolemantapausten lukumäärä;2021-02-03;NA;NA;NA;NA
NA;2020-07-21;0;331;COVID-19 -kuolemantapausten lukumäärä;2021-02-03;NA;NA;NA;NA
NA;2020-07-22;0;331;COVID-19 -kuolemantapausten lukumäärä;2021-02-03;NA;NA;NA;NA
NA;2020-07-23;0;331;COVID-19 -kuolemantapausten lukumäärä;2021-02-03;NA;NA;NA;NA
NA;2020-07-24;0;331;COVID-19 -kuolemantapausten lukumäärä;2021-02-03;NA;NA;NA;NA
NA;2020-07-25;0;331;COVID-19 -kuolemantapausten lukumäärä;2021-02-03;NA;NA;NA;NA
NA;2020-07-26;0;331;COVID-19 -kuolemantapausten lukumäärä;2021-02-03;NA;NA;NA;NA
NA;2020-07-27;0;331;COVID-19 -kuolemantapausten lukumäärä;2021-02-03;NA;NA;NA;NA
NA;2020-07-28;1;332;COVID-19 -kuolemantapausten lukumäärä;2021-02-03;NA;NA;NA;NA
NA;2020-07-29;1;333;COVID-19 -kuolemantapausten lukumäärä;2021-02-03;NA;NA;NA;NA
NA;2020-07-30;0;333;COVID-19 -kuolemantapausten lukumäärä;2021-02-03;NA;NA;NA;NA
NA;2020-07-31;0;333;COVID-19 -kuolemantapausten lukumäärä;2021-02-03;NA;NA;NA;NA
NA;2020-08-01;0;333;COVID-19 -kuolemantapausten lukumäärä;2021-02-03;31;Yleisötilaisuuksien rajoituksiin lievennys;8;31
NA;2020-08-02;0;333;COVID-19 -kuolemantapausten lukumäärä;2021-02-03;NA;NA;NA;NA
NA;2020-08-03;1;334;COVID-19 -kuolemantapausten lukumäärä;2021-02-03;NA;NA;NA;NA
NA;2020-08-04;0;334;COVID-19 -kuolemantapausten lukumäärä;2021-02-03;NA;NA;NA;NA
NA;2020-08-05;0;334;COVID-19 -kuolemantapausten lukumäärä;2021-02-03;NA;NA;NA;NA
NA;2020-08-06;0;334;COVID-19 -kuolemantapausten lukumäärä;2021-02-03;NA;NA;NA;NA
NA;2020-08-07;0;334;COVID-19 -kuolemantapausten lukumäärä;2021-02-03;NA;NA;NA;NA
NA;2020-08-08;0;334;COVID-19 -kuolemantapausten lukumäärä;2021-02-03;NA;NA;NA;NA
NA;2020-08-09;0;334;COVID-19 -kuolemantapausten lukumäärä;2021-02-03;NA;NA;NA;NA
NA;2020-08-10;0;334;COVID-19 -kuolemantapausten lukumäärä;2021-02-03;NA;NA;NA;NA
NA;2020-08-11;0;334;COVID-19 -kuolemantapausten lukumäärä;2021-02-03;NA;NA;NA;NA
NA;2020-08-12;0;334;COVID-19 -kuolemantapausten lukumäärä;2021-02-03;NA;NA;NA;NA
NA;2020-08-13;0;334;COVID-19 -kuolemantapausten lukumäärä;2021-02-03;33;"Suositus kasvomaskien käytöstä 
tietyissä tilanteissa";12;33
NA;2020-08-14;0;334;COVID-19 -kuolemantapausten lukumäärä;2021-02-03;NA;NA;NA;NA
NA;2020-08-15;0;334;COVID-19 -kuolemantapausten lukumäärä;2021-02-03;NA;NA;NA;NA
NA;2020-08-16;1;335;COVID-19 -kuolemantapausten lukumäärä;2021-02-03;NA;NA;NA;NA
NA;2020-08-17;0;335;COVID-19 -kuolemantapausten lukumäärä;2021-02-03;NA;NA;NA;NA
NA;2020-08-18;0;335;COVID-19 -kuolemantapausten lukumäärä;2021-02-03;NA;NA;NA;NA
NA;2020-08-19;0;335;COVID-19 -kuolemantapausten lukumäärä;2021-02-03;NA;NA;NA;NA
NA;2020-08-20;0;335;COVID-19 -kuolemantapausten lukumäärä;2021-02-03;NA;NA;NA;NA
NA;2020-08-21;0;335;COVID-19 -kuolemantapausten lukumäärä;2021-02-03;NA;NA;NA;NA
NA;2020-08-22;0;335;COVID-19 -kuolemantapausten lukumäärä;2021-02-03;NA;NA;NA;NA
NA;2020-08-23;0;335;COVID-19 -kuolemantapausten lukumäärä;2021-02-03;NA;NA;NA;NA
NA;2020-08-24;0;335;COVID-19 -kuolemantapausten lukumäärä;2021-02-03;NA;NA;NA;NA
NA;2020-08-25;0;335;COVID-19 -kuolemantapausten lukumäärä;2021-02-03;NA;NA;NA;NA
NA;2020-08-26;0;335;COVID-19 -kuolemantapausten lukumäärä;2021-02-03;NA;NA;NA;NA
NA;2020-08-27;0;335;COVID-19 -kuolemantapausten lukumäärä;2021-02-03;NA;NA;NA;NA
NA;2020-08-28;0;335;COVID-19 -kuolemantapausten lukumäärä;2021-02-03;NA;NA;NA;NA
NA;2020-08-29;0;335;COVID-19 -kuolemantapausten lukumäärä;2021-02-03;NA;NA;NA;NA
NA;2020-08-30;0;335;COVID-19 -kuolemantapausten lukumäärä;2021-02-03;NA;NA;NA;NA
NA;2020-08-31;1;336;COVID-19 -kuolemantapausten lukumäärä;2021-02-03;14;Koronavilkku julkaistiin;10;14
NA;2020-09-01;1;337;COVID-19 -kuolemantapausten lukumäärä;2021-02-03;NA;NA;NA;NA
NA;2020-09-02;0;337;COVID-19 -kuolemantapausten lukumäärä;2021-02-03;NA;NA;NA;NA
NA;2020-09-03;0;337;COVID-19 -kuolemantapausten lukumäärä;2021-02-03;NA;NA;NA;NA
NA;2020-09-04;1;338;COVID-19 -kuolemantapausten lukumäärä;2021-02-03;NA;NA;NA;NA
NA;2020-09-05;0;338;COVID-19 -kuolemantapausten lukumäärä;2021-02-03;NA;NA;NA;NA
NA;2020-09-06;1;339;COVID-19 -kuolemantapausten lukumäärä;2021-02-03;NA;NA;NA;NA
NA;2020-09-07;0;339;COVID-19 -kuolemantapausten lukumäärä;2021-02-03;37;"Jako perus-, leviämis- ja 
kiihtymisvaiheisiin alueittain";9;37
NA;2020-09-08;0;339;COVID-19 -kuolemantapausten lukumäärä;2021-02-03;NA;NA;NA;NA
NA;2020-09-09;3;342;COVID-19 -kuolemantapausten lukumäärä;2021-02-03;NA;NA;NA;NA
NA;2020-09-10;0;342;COVID-19 -kuolemantapausten lukumäärä;2021-02-03;NA;NA;NA;NA
NA;2020-09-11;2;344;COVID-19 -kuolemantapausten lukumäärä;2021-02-03;NA;NA;NA;NA
NA;2020-09-12;0;344;COVID-19 -kuolemantapausten lukumäärä;2021-02-03;NA;NA;NA;NA
NA;2020-09-13;0;344;COVID-19 -kuolemantapausten lukumäärä;2021-02-03;NA;NA;NA;NA
NA;2020-09-14;1;345;COVID-19 -kuolemantapausten lukumäärä;2021-02-03;NA;NA;NA;NA
NA;2020-09-15;0;345;COVID-19 -kuolemantapausten lukumäärä;2021-02-03;NA;NA;NA;NA
NA;2020-09-16;1;346;COVID-19 -kuolemantapausten lukumäärä;2021-02-03;NA;NA;NA;NA
NA;2020-09-17;0;346;COVID-19 -kuolemantapausten lukumäärä;2021-02-03;NA;NA;NA;NA
NA;2020-09-18;0;346;COVID-19 -kuolemantapausten lukumäärä;2021-02-03;NA;NA;NA;NA
NA;2020-09-19;0;346;COVID-19 -kuolemantapausten lukumäärä;2021-02-03;NA;NA;NA;NA
NA;2020-09-20;0;346;COVID-19 -kuolemantapausten lukumäärä;2021-02-03;NA;NA;NA;NA
NA;2020-09-21;0;346;COVID-19 -kuolemantapausten lukumäärä;2021-02-03;NA;NA;NA;NA
NA;2020-09-22;1;347;COVID-19 -kuolemantapausten lukumäärä;2021-02-03;NA;NA;NA;NA
NA;2020-09-23;2;349;COVID-19 -kuolemantapausten lukumäärä;2021-02-03;NA;NA;NA;NA
NA;2020-09-24;0;349;COVID-19 -kuolemantapausten lukumäärä;2021-02-03;NA;NA;NA;NA
NA;2020-09-25;1;350;COVID-19 -kuolemantapausten lukumäärä;2021-02-03;NA;NA;NA;NA
NA;2020-09-26;0;350;COVID-19 -kuolemantapausten lukumäärä;2021-02-03;NA;NA;NA;NA
NA;2020-09-27;0;350;COVID-19 -kuolemantapausten lukumäärä;2021-02-03;NA;NA;NA;NA
NA;2020-09-28;0;350;COVID-19 -kuolemantapausten lukumäärä;2021-02-03;NA;NA;NA;NA
NA;2020-09-29;0;350;COVID-19 -kuolemantapausten lukumäärä;2021-02-03;NA;NA;NA;NA
NA;2020-09-30;0;350;COVID-19 -kuolemantapausten lukumäärä;2021-02-03;NA;NA;NA;NA
NA;2020-10-01;2;352;COVID-19 -kuolemantapausten lukumäärä;2021-02-03;NA;NA;NA;NA
NA;2020-10-02;0;352;COVID-19 -kuolemantapausten lukumäärä;2021-02-03;NA;NA;NA;NA
NA;2020-10-03;0;352;COVID-19 -kuolemantapausten lukumäärä;2021-02-03;NA;NA;NA;NA
NA;2020-10-04;0;352;COVID-19 -kuolemantapausten lukumäärä;2021-02-03;NA;NA;NA;NA
NA;2020-10-05;2;354;COVID-19 -kuolemantapausten lukumäärä;2021-02-03;NA;NA;NA;NA
NA;2020-10-06;2;356;COVID-19 -kuolemantapausten lukumäärä;2021-02-03;NA;NA;NA;NA
NA;2020-10-07;2;358;COVID-19 -kuolemantapausten lukumäärä;2021-02-03;NA;NA;NA;NA
NA;2020-10-08;0;358;COVID-19 -kuolemantapausten lukumäärä;2021-02-03;NA;NA;NA;NA
NA;2020-10-09;0;358;COVID-19 -kuolemantapausten lukumäärä;2021-02-03;NA;NA;NA;NA
NA;2020-10-10;1;359;COVID-19 -kuolemantapausten lukumäärä;2021-02-03;NA;NA;NA;NA
NA;2020-10-11;2;361;COVID-19 -kuolemantapausten lukumäärä;2021-02-03;NA;NA;NA;NA
NA;2020-10-12;1;362;COVID-19 -kuolemantapausten lukumäärä;2021-02-03;NA;NA;NA;NA
NA;2020-10-13;0;362;COVID-19 -kuolemantapausten lukumäärä;2021-02-03;NA;NA;NA;NA
NA;2020-10-14;3;365;COVID-19 -kuolemantapausten lukumäärä;2021-02-03;NA;NA;NA;NA
NA;2020-10-15;0;365;COVID-19 -kuolemantapausten lukumäärä;2021-02-03;NA;NA;NA;NA
NA;2020-10-16;1;366;COVID-19 -kuolemantapausten lukumäärä;2021-02-03;NA;NA;NA;NA
NA;2020-10-17;0;366;COVID-19 -kuolemantapausten lukumäärä;2021-02-03;NA;NA;NA;NA
NA;2020-10-18;0;366;COVID-19 -kuolemantapausten lukumäärä;2021-02-03;NA;NA;NA;NA
NA;2020-10-19;2;368;COVID-19 -kuolemantapausten lukumäärä;2021-02-03;NA;NA;NA;NA
NA;2020-10-20;0;368;COVID-19 -kuolemantapausten lukumäärä;2021-02-03;NA;NA;NA;NA
NA;2020-10-21;0;368;COVID-19 -kuolemantapausten lukumäärä;2021-02-03;NA;NA;NA;NA
NA;2020-10-22;1;369;COVID-19 -kuolemantapausten lukumäärä;2021-02-03;NA;NA;NA;NA
NA;2020-10-23;1;370;COVID-19 -kuolemantapausten lukumäärä;2021-02-03;43;Toimenpidesuositukset eri vaiheisiin;9;43
NA;2020-10-24;0;370;COVID-19 -kuolemantapausten lukumäärä;2021-02-03;NA;NA;NA;NA
NA;2020-10-25;1;371;COVID-19 -kuolemantapausten lukumäärä;2021-02-03;NA;NA;NA;NA
NA;2020-10-26;0;371;COVID-19 -kuolemantapausten lukumäärä;2021-02-03;NA;NA;NA;NA
NA;2020-10-27;1;372;COVID-19 -kuolemantapausten lukumäärä;2021-02-03;NA;NA;NA;NA
NA;2020-10-28;0;372;COVID-19 -kuolemantapausten lukumäärä;2021-02-03;NA;NA;NA;NA
NA;2020-10-29;0;372;COVID-19 -kuolemantapausten lukumäärä;2021-02-03;NA;NA;NA;NA
NA;2020-10-30;1;373;COVID-19 -kuolemantapausten lukumäärä;2021-02-03;NA;NA;NA;NA
NA;2020-10-31;0;373;COVID-19 -kuolemantapausten lukumäärä;2021-02-03;NA;NA;NA;NA
NA;2020-11-01;0;373;COVID-19 -kuolemantapausten lukumäärä;2021-02-03;NA;NA;NA;NA
NA;2020-11-02;0;373;COVID-19 -kuolemantapausten lukumäärä;2021-02-03;NA;NA;NA;NA
NA;2020-11-03;0;373;COVID-19 -kuolemantapausten lukumäärä;2021-02-03;NA;NA;NA;NA
NA;2020-11-04;0;373;COVID-19 -kuolemantapausten lukumäärä;2021-02-03;NA;NA;NA;NA
NA;2020-11-05;1;374;COVID-19 -kuolemantapausten lukumäärä;2021-02-03;NA;NA;NA;NA
NA;2020-11-06;2;376;COVID-19 -kuolemantapausten lukumäärä;2021-02-03;NA;NA;NA;NA
NA;2020-11-07;2;378;COVID-19 -kuolemantapausten lukumäärä;2021-02-03;NA;NA;NA;NA
NA;2020-11-08;7;385;COVID-19 -kuolemantapausten lukumäärä;2021-02-03;NA;NA;NA;NA
NA;2020-11-09;3;388;COVID-19 -kuolemantapausten lukumäärä;2021-02-03;NA;NA;NA;NA
NA;2020-11-10;0;388;COVID-19 -kuolemantapausten lukumäärä;2021-02-03;NA;NA;NA;NA
NA;2020-11-11;0;388;COVID-19 -kuolemantapausten lukumäärä;2021-02-03;NA;NA;NA;NA
NA;2020-11-12;4;392;COVID-19 -kuolemantapausten lukumäärä;2021-02-03;NA;NA;NA;NA
NA;2020-11-13;7;399;COVID-19 -kuolemantapausten lukumäärä;2021-02-03;NA;NA;NA;NA
NA;2020-11-14;2;401;COVID-19 -kuolemantapausten lukumäärä;2021-02-03;NA;NA;NA;NA
NA;2020-11-15;2;403;COVID-19 -kuolemantapausten lukumäärä;2021-02-03;NA;NA;NA;NA
NA;2020-11-16;1;404;COVID-19 -kuolemantapausten lukumäärä;2021-02-03;NA;NA;NA;NA
NA;2020-11-17;2;406;COVID-19 -kuolemantapausten lukumäärä;2021-02-03;NA;NA;NA;NA
NA;2020-11-18;3;409;COVID-19 -kuolemantapausten lukumäärä;2021-02-03;NA;NA;NA;NA
NA;2020-11-19;3;412;COVID-19 -kuolemantapausten lukumäärä;2021-02-03;NA;NA;NA;NA
NA;2020-11-20;6;418;COVID-19 -kuolemantapausten lukumäärä;2021-02-03;NA;NA;NA;NA
NA;2020-11-21;9;427;COVID-19 -kuolemantapausten lukumäärä;2021-02-03;NA;NA;NA;NA
NA;2020-11-22;5;432;COVID-19 -kuolemantapausten lukumäärä;2021-02-03;NA;NA;NA;NA
NA;2020-11-23;5;437;COVID-19 -kuolemantapausten lukumäärä;2021-02-03;NA;NA;NA;NA
NA;2020-11-24;6;443;COVID-19 -kuolemantapausten lukumäärä;2021-02-03;NA;NA;NA;NA
NA;2020-11-25;8;451;COVID-19 -kuolemantapausten lukumäärä;2021-02-03;NA;NA;NA;NA
NA;2020-11-26;2;453;COVID-19 -kuolemantapausten lukumäärä;2021-02-03;NA;NA;NA;NA
NA;2020-11-27;6;459;COVID-19 -kuolemantapausten lukumäärä;2021-02-03;NA;NA;NA;NA
NA;2020-11-28;2;461;COVID-19 -kuolemantapausten lukumäärä;2021-02-03;NA;NA;NA;NA
NA;2020-11-29;4;465;COVID-19 -kuolemantapausten lukumäärä;2021-02-03;NA;NA;NA;NA
NA;2020-11-30;9;474;COVID-19 -kuolemantapausten lukumäärä;2021-02-03;NA;NA;NA;NA
NA;2020-12-01;3;477;COVID-19 -kuolemantapausten lukumäärä;2021-02-03;NA;NA;NA;NA
NA;2020-12-02;7;484;COVID-19 -kuolemantapausten lukumäärä;2021-02-03;NA;NA;NA;NA
NA;2020-12-03;5;489;COVID-19 -kuolemantapausten lukumäärä;2021-02-03;NA;NA;NA;NA
NA;2020-12-04;3;492;COVID-19 -kuolemantapausten lukumäärä;2021-02-03;NA;NA;NA;NA
NA;2020-12-05;6;498;COVID-19 -kuolemantapausten lukumäärä;2021-02-03;NA;NA;NA;NA
NA;2020-12-06;10;508;COVID-19 -kuolemantapausten lukumäärä;2021-02-03;NA;NA;NA;NA
NA;2020-12-07;10;518;COVID-19 -kuolemantapausten lukumäärä;2021-02-03;NA;NA;NA;NA
NA;2020-12-08;3;521;COVID-19 -kuolemantapausten lukumäärä;2021-02-03;NA;NA;NA;NA
NA;2020-12-09;5;526;COVID-19 -kuolemantapausten lukumäärä;2021-02-03;NA;NA;NA;NA
NA;2020-12-10;4;530;COVID-19 -kuolemantapausten lukumäärä;2021-02-03;NA;NA;NA;NA
NA;2020-12-11;10;540;COVID-19 -kuolemantapausten lukumäärä;2021-02-03;NA;NA;NA;NA
NA;2020-12-12;3;543;COVID-19 -kuolemantapausten lukumäärä;2021-02-03;NA;NA;NA;NA
NA;2020-12-13;5;548;COVID-19 -kuolemantapausten lukumäärä;2021-02-03;NA;NA;NA;NA
NA;2020-12-14;12;560;COVID-19 -kuolemantapausten lukumäärä;2021-02-03;NA;NA;NA;NA
NA;2020-12-15;7;567;COVID-19 -kuolemantapausten lukumäärä;2021-02-03;NA;NA;NA;NA
NA;2020-12-16;4;571;COVID-19 -kuolemantapausten lukumäärä;2021-02-03;NA;NA;NA;NA
NA;2020-12-17;1;572;COVID-19 -kuolemantapausten lukumäärä;2021-02-03;NA;NA;NA;NA
NA;2020-12-18;6;578;COVID-19 -kuolemantapausten lukumäärä;2021-02-03;NA;NA;NA;NA
NA;2020-12-19;3;581;COVID-19 -kuolemantapausten lukumäärä;2021-02-03;NA;NA;NA;NA
NA;2020-12-20;3;584;COVID-19 -kuolemantapausten lukumäärä;2021-02-03;NA;NA;NA;NA
NA;2020-12-21;5;589;COVID-19 -kuolemantapausten lukumäärä;2021-02-03;NA;NA;NA;NA
NA;2020-12-22;5;594;COVID-19 -kuolemantapausten lukumäärä;2021-02-03;NA;NA;NA;NA
NA;2020-12-23;3;597;COVID-19 -kuolemantapausten lukumäärä;2021-02-03;NA;NA;NA;NA
NA;2020-12-24;3;600;COVID-19 -kuolemantapausten lukumäärä;2021-02-03;NA;NA;NA;NA
NA;2020-12-25;2;602;COVID-19 -kuolemantapausten lukumäärä;2021-02-03;NA;NA;NA;NA
NA;2020-12-26;0;602;COVID-19 -kuolemantapausten lukumäärä;2021-02-03;NA;NA;NA;NA
NA;2020-12-27;3;605;COVID-19 -kuolemantapausten lukumäärä;2021-02-03;52;Koronarokotukset aloitettiin;11;52
NA;2020-12-28;5;610;COVID-19 -kuolemantapausten lukumäärä;2021-02-03;NA;NA;NA;NA
NA;2020-12-29;2;612;COVID-19 -kuolemantapausten lukumäärä;2021-02-03;NA;NA;NA;NA
NA;2020-12-30;3;615;COVID-19 -kuolemantapausten lukumäärä;2021-02-03;NA;NA;NA;NA
NA;2020-12-31;5;620;COVID-19 -kuolemantapausten lukumäärä;2021-02-03;NA;NA;NA;NA
NA;2021-01-01;2;622;COVID-19 -kuolemantapausten lukumäärä;2021-02-03;NA;NA;NA;NA
NA;2021-01-02;4;626;COVID-19 -kuolemantapausten lukumäärä;2021-02-03;NA;NA;NA;NA
NA;2021-01-03;3;629;COVID-19 -kuolemantapausten lukumäärä;2021-02-03;NA;NA;NA;NA
NA;2021-01-04;5;634;COVID-19 -kuolemantapausten lukumäärä;2021-02-03;NA;NA;NA;NA
NA;2021-01-05;4;638;COVID-19 -kuolemantapausten lukumäärä;2021-02-03;NA;NA;NA;NA
NA;2021-01-06;2;640;COVID-19 -kuolemantapausten lukumäärä;2021-02-03;NA;NA;NA;NA
NA;2021-01-07;3;643;COVID-19 -kuolemantapausten lukumäärä;2021-02-03;NA;NA;NA;NA
NA;2021-01-08;3;646;COVID-19 -kuolemantapausten lukumäärä;2021-02-03;NA;NA;NA;NA
NA;2021-01-09;1;647;COVID-19 -kuolemantapausten lukumäärä;2021-02-03;NA;NA;NA;NA
NA;2021-01-10;3;650;COVID-19 -kuolemantapausten lukumäärä;2021-02-03;NA;NA;NA;NA
NA;2021-01-11;6;656;COVID-19 -kuolemantapausten lukumäärä;2021-02-03;NA;NA;NA;NA
NA;2021-01-12;1;657;COVID-19 -kuolemantapausten lukumäärä;2021-02-03;NA;NA;NA;NA
NA;2021-01-13;3;660;COVID-19 -kuolemantapausten lukumäärä;2021-02-03;NA;NA;NA;NA
NA;2021-01-14;3;663;COVID-19 -kuolemantapausten lukumäärä;2021-02-03;NA;NA;NA;NA
NA;2021-01-15;1;664;COVID-19 -kuolemantapausten lukumäärä;2021-02-03;NA;NA;NA;NA
NA;2021-01-16;0;664;COVID-19 -kuolemantapausten lukumäärä;2021-02-03;NA;NA;NA;NA
NA;2021-01-17;0;664;COVID-19 -kuolemantapausten lukumäärä;2021-02-03;NA;NA;NA;NA
NA;2021-01-18;1;665;COVID-19 -kuolemantapausten lukumäärä;2021-02-03;NA;NA;NA;NA
NA;2021-01-19;1;666;COVID-19 -kuolemantapausten lukumäärä;2021-02-03;NA;NA;NA;NA
NA;2021-01-20;6;672;COVID-19 -kuolemantapausten lukumäärä;2021-02-03;NA;NA;NA;NA
NA;2021-01-21;0;672;COVID-19 -kuolemantapausten lukumäärä;2021-02-03;NA;NA;NA;NA
NA;2021-01-22;0;672;COVID-19 -kuolemantapausten lukumäärä;2021-02-03;NA;NA;NA;NA
NA;2021-01-23;0;672;COVID-19 -kuolemantapausten lukumäärä;2021-02-03;NA;NA;NA;NA
NA;2021-01-24;0;672;COVID-19 -kuolemantapausten lukumäärä;2021-02-03;NA;NA;NA;NA
NA;2021-01-25;0;672;COVID-19 -kuolemantapausten lukumäärä;2021-02-03;NA;NA;NA;NA
NA;2021-01-26;1;673;COVID-19 -kuolemantapausten lukumäärä;2021-02-03;4;"Toimenpidesuositusten täydennys 
virusmuunnoksen vuoksi";9;4
NA;2021-01-27;0;673;COVID-19 -kuolemantapausten lukumäärä;2021-02-03;NA;NA;NA;NA
NA;2021-01-28;0;673;COVID-19 -kuolemantapausten lukumäärä;2021-02-03;NA;NA;NA;NA
NA;2021-01-29;0;673;COVID-19 -kuolemantapausten lukumäärä;2021-02-03;NA;NA;NA;NA
NA;2021-01-30;0;673;COVID-19 -kuolemantapausten lukumäärä;2021-02-03;NA;NA;NA;NA
NA;2021-01-31;0;673;COVID-19 -kuolemantapausten lukumäärä;2021-02-03;NA;NA;NA;NA
NA;2021-02-01;0;673;COVID-19 -kuolemantapausten lukumäärä;2021-02-03;NA;NA;NA;NA
NA;2021-02-02;0;673;COVID-19 -kuolemantapausten lukumäärä;2021-02-03;NA;NA;NA;NA
